#,ブランド,ライン,製品名,カテゴリ,主要悩み(先頭5件),容量,メーカー,推奨対象,特徴サマリー,商品ID
1,Aujua,アクアヴィア,アクアヴィア シャンプー,シャンプー,乾燥 / 絡まり / ツヤ不足 / 枝毛 / ダメージ,250mL / 500mL / 1L パック,ミルボン,「くせ毛で広がりやすい」「湿気の日もまとまっていたい」方。,水分循環をテーマにした、Aujuaの軽やかな保湿ライン。毛先までうるおい持続。,aujua-aquavia-sh
2,Aujua,アクアヴィア,アクアヴィア ヘアトリートメント,トリートメント,乾燥 / 絡まり / ツヤ不足 / 枝毛 / ダメージ,250g / 500g / 1L パック,ミルボン,「くせ毛で広がりやすい」「湿気の日もまとまっていたい」方。,水分循環をテーマにした、Aujuaの軽やかな保湿ライン。毛先までうるおい持続。,aujua-aquavia-tr
3,Aujua,アクアヴィア,アクアヴィア ヘアニュートリエント,ヘアマスク,乾燥 / 絡まり / ツヤ不足 / 枝毛 / ダメージ,250g,ミルボン,「くせ毛で広がりやすい」「湿気の日もまとまっていたい」方。,水分循環をテーマにした、Aujuaの軽やかな保湿ライン。毛先までうるおい持続。,aujua-aquavia-mask
4,Aujua,アクアヴィア,アクアヴィア モイストセラム,アウトバスミルク,乾燥 / 絡まり / ツヤ不足 / 枝毛 / ダメージ,モイストセラム 100mL,ミルボン,「くせ毛で広がりやすい」「湿気の日もまとまっていたい」方。,水分循環をテーマにした、Aujuaの軽やかな保湿ライン。毛先までうるおい持続。,aujua-aquavia-out
5,Aujua,イミュライズ,イミュライズ シャンプー,シャンプー,弾力不足 / エイジング毛 / ダメージ / 多重ブリーチ / ブリーチダメージ,250mL / 500mL / 1L パック,ミルボン,カラー・パーマで弱った髪、エイジングによる弾力低下が気になる方に。,毛髪強度に着目した処方が、エイジングによる弱りを整え、ハリのある補修感を与えます。,aujua-immurise-sh
6,Aujua,イミュライズ,イミュライズ ヘアトリートメント,トリートメント,弾力不足 / エイジング毛 / ダメージ / 多重ブリーチ / ブリーチダメージ,250g / 500g / 1L パック,ミルボン,カラー・パーマで弱った髪、エイジングによる弾力低下が気になる方に。,毛髪強度に着目した処方が、エイジングによる弱りを整え、ハリのある補修感を与えます。,aujua-immurise-tr
7,Aujua,イミュライズ,イミュライズ ヘアニュートリエント,ヘアマスク,弾力不足 / エイジング毛 / ダメージ / 多重ブリーチ / ブリーチダメージ,250g,ミルボン,カラー・パーマで弱った髪、エイジングによる弾力低下が気になる方に。,毛髪強度に着目した処方が、エイジングによる弱りを整え、ハリのある補修感を与えます。,aujua-immurise-mask
8,Aujua,イミュライズ,イミュライズ エクシードセラム,アウトバスミルク,弾力不足 / エイジング毛 / ダメージ / 多重ブリーチ / ブリーチダメージ,エクシードセラム 100mL,ミルボン,カラー・パーマで弱った髪、エイジングによる弾力低下が気になる方に。,毛髪強度に着目した処方が、エイジングによる弱りを整え、ハリのある補修感を与えます。,aujua-immurise-out
9,Aujua,インメトリィ,インメトリィ シャンプー,シャンプー,広がり / 剛毛 / 扱いにくさ / ツヤ不足 / 絡まり,250mL / 500mL / 1L パック,ミルボン,「年齢によるうねりや、まとまりにくさが気になり始めた」方。,硬毛・太毛のなめらかさとツヤを引き出す代表ライン。広がりを抑えてシルキーな仕上がり。,aujua-inmetry-sh
10,Aujua,インメトリィ,インメトリィ ヘアトリートメント,トリートメント,広がり / 剛毛 / 扱いにくさ / ツヤ不足 / 絡まり,250g / 500g / 1L パック,ミルボン,「年齢によるうねりや、まとまりにくさが気になり始めた」方。,硬毛・太毛のなめらかさとツヤを引き出す代表ライン。広がりを抑えてシルキーな仕上がり。,aujua-inmetry-tr
11,Aujua,インメトリィ,インメトリィ コントロール クリーム,ヘアマスク,広がり / 剛毛 / 扱いにくさ / ツヤ不足 / 絡まり,コントロール クリーム 110g,ミルボン,「年齢によるうねりや、まとまりにくさが気になり始めた」方。,硬毛・太毛のなめらかさとツヤを引き出す代表ライン。広がりを抑えてシルキーな仕上がり。,aujua-inmetry-mask
12,Aujua,インメトリィ,インメトリィ ミルク,アウトバスミルク,広がり / 剛毛 / 扱いにくさ / ツヤ不足 / 絡まり,インメトリィ ミルク 100mL,ミルボン,「年齢によるうねりや、まとまりにくさが気になり始めた」方。,硬毛・太毛のなめらかさとツヤを引き出す代表ライン。広がりを抑えてシルキーな仕上がり。,aujua-inmetry-out
13,Aujua,エイジングスパ,エイジングスパ クリアフォーム,スカルプクレンザー,薄毛抜け毛 / ハリコシ不足 / 細毛 / 軟毛 / ボリューム不足,250mL / 500mL / 1L パック,ミルボン,エイジングによる頭皮の乾燥、ボリューム低下、ハリ・コシ不足が気になる方に。,地肌ケアに着目した処方が、頭皮を整え、根元からふんわり立ち上がる質感を引き出します。,aujua-agingspa-sh
14,Aujua,エイジングスパ,エイジングスパ シャンプー,シャンプー,薄毛抜け毛 / ハリコシ不足 / 細毛 / 軟毛 / ボリューム不足,クリアフォーム 200g,ミルボン,エイジングによる頭皮の乾燥、ボリューム低下、ハリ・コシ不足が気になる方に。,地肌ケアに着目した処方が、頭皮を整え、根元からふんわり立ち上がる質感を引き出します。,aujua-agingspa-sh-2
15,Aujua,エイジングスパ,エイジングスパ ヘアトリートメント,トリートメント,薄毛抜け毛 / ハリコシ不足 / 細毛 / 軟毛 / ボリューム不足,250g / 500g / 1L パック,ミルボン,エイジングによる頭皮の乾燥、ボリューム低下、ハリ・コシ不足が気になる方に。,地肌ケアに着目した処方が、頭皮を整え、根元からふんわり立ち上がる質感を引き出します。,aujua-agingspa-tr
16,Aujua,クエンチ,クエンチ シャンプー,シャンプー,広がり / 広がり / 湿気 / 乾燥 / うねり/くせ,250mL / 500mL / 1L パック,ミルボン,「いろいろ試しても潤いが続かない」「毛先がカサつく」と感じている方。,水分不足によるパサつき・ごわつき・まとまりにくさを、髪内部の水分保持力から立て直します。,aujua-quench-sh
17,Aujua,クエンチ,クエンチ ヘアトリートメント,トリートメント,広がり / 広がり / 湿気 / 乾燥 / うねり/くせ,250g / 500g / 1L パック,ミルボン,「いろいろ試しても潤いが続かない」「毛先がカサつく」と感じている方。,水分不足によるパサつき・ごわつき・まとまりにくさを、髪内部の水分保持力から立て直します。,aujua-quench-tr
18,Aujua,クエンチ,クエンチ ヘアニュートリエント,ヘアマスク,広がり / 広がり / 湿気 / 乾燥 / うねり/くせ,250g,ミルボン,「いろいろ試しても潤いが続かない」「毛先がカサつく」と感じている方。,水分不足によるパサつき・ごわつき・まとまりにくさを、髪内部の水分保持力から立て直します。,aujua-quench-mask
19,Aujua,スムース,スムース シャンプー,シャンプー,絡まり / 細毛 / 軟毛 / ぺたんとする / ハリコシ不足,250mL / 500mL / 1L パック,ミルボン,「重くなりたくない」「さらさらの指通りが好き」な方。,軟毛・細毛・絡まりやすい髪のためのスムージングライン。軽さと指通りを両立。,aujua-smooth-sh
20,Aujua,スムース,スムース ヘアトリートメント,トリートメント,絡まり / 細毛 / 軟毛 / ぺたんとする / ハリコシ不足,250g / 500g / 1L パック,ミルボン,「重くなりたくない」「さらさらの指通りが好き」な方。,軟毛・細毛・絡まりやすい髪のためのスムージングライン。軽さと指通りを両立。,aujua-smooth-tr
21,Aujua,スムース,スムース セラム,アウトバスミルク,絡まり / 細毛 / 軟毛 / ぺたんとする / ハリコシ不足,スムース セラム 100mL,ミルボン,「重くなりたくない」「さらさらの指通りが好き」な方。,軟毛・細毛・絡まりやすい髪のためのスムージングライン。軽さと指通りを両立。,aujua-smooth-out
22,Aujua,フィルメロウ,フィルメロウ シャンプー,シャンプー,ボリューム不足 / ぺたんとする / 細毛 / 軟毛 / ハリコシ不足,250mL / 500mL / 1L パック,ミルボン,細毛・軟毛・ハリコシ不足・トップのボリュームが欲しい方に。,細毛・ハリコシ低下の髪に芯のあるボリュームを与える、エラスチン処方ライン。,aujua-filmellow-sh
23,Aujua,フィルメロウ,フィルメロウ ヘアトリートメント,トリートメント,ボリューム不足 / ぺたんとする / 細毛 / 軟毛 / ハリコシ不足,250g / 500g / 1L パック,ミルボン,細毛・軟毛・ハリコシ不足・トップのボリュームが欲しい方に。,細毛・ハリコシ低下の髪に芯のあるボリュームを与える、エラスチン処方ライン。,aujua-filmellow-tr
24,Aujua,フィルメロウ,フィルメロウ ミルク,アウトバスミルク,ボリューム不足 / ぺたんとする / 細毛 / 軟毛 / ハリコシ不足,フィルメロウ ミルク 100mL,ミルボン,細毛・軟毛・ハリコシ不足・トップのボリュームが欲しい方に。,細毛・ハリコシ低下の髪に芯のあるボリュームを与える、エラスチン処方ライン。,aujua-filmellow-out
25,Aujua,モイストカーム,モイストカーム シャンプー,シャンプー,うねり/くせ / 広がり / 扱いにくさ / 湿気 / 広がり,250mL / 500mL / 1L パック,ミルボン,くせ毛・うねり・広がり・湿気にうねる髪に。,くせ毛・うねり毛に特化したフリッツケアライン。頭皮環境からもアプローチ。,aujua-moistcalm-sh
26,Aujua,モイストカーム,モイストカーム ヘアトリートメント,トリートメント,うねり/くせ / 広がり / 扱いにくさ / 湿気 / 広がり,250g / 500g / 1L パック,ミルボン,くせ毛・うねり・広がり・湿気にうねる髪に。,くせ毛・うねり毛に特化したフリッツケアライン。頭皮環境からもアプローチ。,aujua-moistcalm-tr
27,Aujua,モイストカーム,モイストカーム モイスチュアローション,スカルプエッセンス,うねり/くせ / 広がり / 扱いにくさ / 湿気 / 広がり,モイスチュアローション 100mL,ミルボン,くせ毛・うねり・広がり・湿気にうねる髪に。,くせ毛・うねり毛に特化したフリッツケアライン。頭皮環境からもアプローチ。,aujua-moistcalm-essence
28,Aujua,リペアリティ,リペアリティ シャンプー,シャンプー,多重ブリーチ / ブリーチダメージ / ダメージ / 切れ毛 / 弾力不足,250mL / 500mL / 1L パック,ミルボン,「ブリーチを楽しみたいが、髪のダメージはしっかりケアしたい」方。,ハイダメージ毛の補修に特化した処方が、内部の弱りを整え、しなやかな質感を取り戻します。,aujua-repairity-sh
29,Aujua,リペアリティ,リペアリティ ヘアトリートメント,トリートメント,多重ブリーチ / ブリーチダメージ / ダメージ / 切れ毛 / 弾力不足,250g / 500g / 1L パック,ミルボン,「ブリーチを楽しみたいが、髪のダメージはしっかりケアしたい」方。,ハイダメージ毛の補修に特化した処方が、内部の弱りを整え、しなやかな質感を取り戻します。,aujua-repairity-tr
30,Aujua,リペアリティ,リペアリティ ヘアニュートリエント,ヘアマスク,多重ブリーチ / ブリーチダメージ / ダメージ / 切れ毛 / 弾力不足,250g,ミルボン,「ブリーチを楽しみたいが、髪のダメージはしっかりケアしたい」方。,ハイダメージ毛の補修に特化した処方が、内部の弱りを整え、しなやかな質感を取り戻します。,aujua-repairity-mask
31,Elujuda,FO,エルジューダ FO,アウトバスミルク,ダメージ / ツヤ不足 / パサつき / ボリュームダウン / volumeLoss,120mL / 30mL,ミルボン,「重くなりたくないけれど、ツヤがほしい」方。,軽やかなオイル設計が、髪に負担をかけずにツヤとまとまりを与えます。,elujuda-fo-out
32,Elujuda,MO,エルジューダ MO,アウトバスミルク,ダメージ / ツヤ不足 / パサつき / ボリュームダウン / volumeLoss,120mL / 30mL,ミルボン,「重くなりたくないけれど、ツヤがほしい」方。,軽やかなオイル設計が、髪に負担をかけずにツヤとまとまりを与えます。,elujuda-fo-out-2
33,Elujuda,エマルジョン,エルジューダ エマルジョン,アウトバスミルク,ダメージ / 広がり / 広がり / まとまり不足 / 乾燥,120g / 30g,ミルボン,「広がりを抑え、しっとりまとめたい」方。,硬毛向けの保湿成分が髪をやわらかく整え、広がりを抑えてしっとりとしたまとまりを与えます。,elujuda-emulsion-out
34,Elujuda,エマルジョン,エルジューダ エマルジョン+,アウトバスミルク,ダメージ / 広がり / 広がり / まとまり不足 / 乾燥,120g / 30g,ミルボン,「広がりを抑え、しっとりまとめたい」方。,硬毛向けの保湿成分が髪をやわらかく整え、広がりを抑えてしっとりとしたまとまりを与えます。,elujuda-emulsion-out-2
35,Elujuda,グレイスオン,エルジューダ グレイスオン エマルジョン,アウトバスミルク,ダメージ / dryness / 白髪染め褪色 / パサつき / 乾燥,グレイスオン エマルジョン 120g,ミルボン,「毛先のまとまりとやわらかさを叶えたい」方。,ミルク質感がしっとりとなじみ、毛先のまとまりと指通りをなめらかに整えます。,elujuda-graceon-out
36,Elujuda,グレイスオン,エルジューダ グレイスオン セラム,アウトバスミルク,ダメージ / dryness / 白髪染め褪色 / パサつき / 乾燥,グレイスオン セラム 120mL,ミルボン,「毛先のまとまりとやわらかさを叶えたい」方。,ミルク質感がしっとりとなじみ、毛先のまとまりと指通りをなめらかに整えます。,elujuda-graceon-out-2
37,Elujuda,フリッズフィクサー,エルジューダ フリッズフィクサー エマルジョン,アウトバスミルク,広がり / 広がり / 湿気 / うねり/くせ / ダメージ,120g,ミルボン,「梅雨や湿気の日でもまとまる髪でいたい」方。,湿気による広がりにアプローチするフリッズケア処方が、髪を扱いやすい質感へ整えます。,elujuda-frizzfixer-out
38,Elujuda,フリッズフィクサー,エルジューダ フリッズフィクサー エマルジョン+,アウトバスミルク,広がり / 広がり / 湿気 / うねり/くせ / ダメージ,120g,ミルボン,「梅雨や湿気の日でもまとまる髪でいたい」方。,湿気による広がりにアプローチするフリッズケア処方が、髪を扱いやすい質感へ整えます。,elujuda-frizzfixer-out-2
39,Elujuda,ブリーチケア,エルジューダ ブリーチケア ジェルセラム,アウトバスミルク,ダメージ / 乾燥 / 広がり / パサつき / 絡まり,ブリーチケア ジェルセラム 120g,ミルボン,「ハイトーンを楽しみたいが、絡まりやパサつきが気になる」方。,ブリーチケアに特化したジェル&セラム処方が、絡まりを抑えてなめらかな指通りを与えます。,elujuda-bleachcare-gel
40,Elujuda,ブリーチケア,エルジューダ ブリーチケア セラム,アウトバスミルク,ダメージ / 乾燥 / 広がり / パサつき / 絡まり,ブリーチケア セラム 120mL,ミルボン,「ハイトーンを楽しみたいが、絡まりやパサつきが気になる」方。,ブリーチケアに特化したジェル&セラム処方が、絡まりを抑えてなめらかな指通りを与えます。,elujuda-bleachcare-out
41,Global Milbon,アンチフリッズ,アンチフリッズ シャンプー,シャンプー,広がり / 広がり / 湿気 / うねり/くせ / まとまり不足,200mL / 500mL / 1L パック,ミルボン,「湿気でいつも髪が広がる」方。,湿気と広がりに着目した処方が、髪をなめらかに整え、扱いやすいまとまりを与えます。,globalmilbon-antifrizz-sh
42,Global Milbon,アンチフリッズ,アンチフリッズ トリートメント,トリートメント,ダメージ / 乾燥 / 広がり / 湿気 / まとまり不足,200g / 500g / 1L パック,ミルボン,「湿気でいつも髪が広がる」方。,湿気と広がりに着目した処方が、髪をなめらかに整え、扱いやすいまとまりを与えます。,globalmilbon-antifrizz-tr
43,Global Milbon,アンチフリッズ,アンチフリッズ ヘアマスク,ヘアマスク,広がり / 広がり / 湿気 / うねり/くせ / まとまり不足,150g,ミルボン,「湿気でいつも髪が広がる」方。,湿気と広がりに着目した処方が、髪をなめらかに整え、扱いやすいまとまりを与えます。,globalmilbon-antifrizz-mask
44,Global Milbon,カラープリザーブ,カラープリザーブ シャンプー,シャンプー,カラー褪色 / ダメージ / ツヤ不足 / 乾燥 / colorFade,200mL / 500mL / 1L パック,ミルボン,「カラーを長くきれいに楽しみたい」方。,カラーケア設計が褪色を抑え、ツヤと色持ちを両立します。,globalmilbon-colorpreserve-sh
45,Global Milbon,カラープリザーブ,カラープリザーブ トリートメント,トリートメント,カラー褪色 / ダメージ / ツヤ不足 / 乾燥 / colorFade,200g / 500g / 1L パック,ミルボン,「カラーを長くきれいに楽しみたい」方。,カラーケア設計が褪色を抑え、ツヤと色持ちを両立します。,globalmilbon-colorpreserve-tr
46,Global Milbon,カラープリザーブ,カラープリザーブ ヘアマスク,ヘアマスク,カラー褪色 / ダメージ / ツヤ不足 / 乾燥 / colorFade,150g,ミルボン,「カラーを長くきれいに楽しみたい」方。,カラーケア設計が褪色を抑え、ツヤと色持ちを両立します。,globalmilbon-colorpreserve-mask
47,Global Milbon,スムース,スムース シャンプー,シャンプー,絡まり / ツヤ不足 / パサつき / 広がり / 広がり,200mL / 500mL / 1L パック,ミルボン,「重くしたくない」「さらさらの仕上がりが好き」な方。,軽やかな仕上がりを叶える処方が、絡まりを抑え、さらさらの指通りを引き出します。,globalmilbon-smooth-sh
48,Global Milbon,スムース,スムース トリートメント,トリートメント,絡まり / ダメージ / 乾燥 / ツヤ不足 / パサつき,200g / 500g / 1L パック,ミルボン,「重くしたくない」「さらさらの仕上がりが好き」な方。,軽やかな仕上がりを叶える処方が、絡まりを抑え、さらさらの指通りを引き出します。,globalmilbon-smooth-tr
49,Global Milbon,スムース,スムース ウィークリーブースター,ヘアマスク,絡まり / ツヤ不足 / パサつき / 広がり / 広がり,150g,ミルボン,「重くしたくない」「さらさらの仕上がりが好き」な方。,軽やかな仕上がりを叶える処方が、絡まりを抑え、さらさらの指通りを引き出します。,globalmilbon-smooth-mask
50,Global Milbon,モイスチュア,モイスチュア シャンプー,シャンプー,乾燥 / 広がり / 広がり / dryness / パサつき,200mL / 500mL / 1L パック,ミルボン,「うるおいで満たして、しっとりまとめたい」方。,保湿に着目した処方が、乾燥した髪に水分を満たし、しっとりとしたまとまりを与えます。,globalmilbon-moisture-sh
51,Global Milbon,モイスチュア,モイスチュア トリートメント,トリートメント,乾燥 / 広がり / 広がり / ダメージ / dryness,200g / 500g / 1L パック,ミルボン,「うるおいで満たして、しっとりまとめたい」方。,保湿に着目した処方が、乾燥した髪に水分を満たし、しっとりとしたまとまりを与えます。,globalmilbon-moisture-tr
52,Global Milbon,モイスチュア,モイスチュア ヘアマスク,ヘアマスク,乾燥 / 広がり / 広がり / dryness / パサつき,150g,ミルボン,「うるおいで満たして、しっとりまとめたい」方。,保湿に着目した処方が、乾燥した髪に水分を満たし、しっとりとしたまとまりを与えます。,globalmilbon-moisture-mask
53,Global Milbon,リペア,リペア シャンプー,シャンプー,ダメージ / 枝毛 / ツヤ不足 / パサつき / 多重ブリーチ,200mL / 500mL / 1L パック,ミルボン,「ダメージケアをきちんと続けたい」方。,ダメージ補修処方が髪内部にアプローチし、しなやかさと指通りを取り戻します。,globalmilbon-repair-sh
54,Global Milbon,リペア,リペア トリートメント,トリートメント,ダメージ / 枝毛 / ツヤ不足 / 乾燥 / パサつき,200g / 500g / 1L パック,ミルボン,「ダメージケアをきちんと続けたい」方。,ダメージ補修処方が髪内部にアプローチし、しなやかさと指通りを取り戻します。,globalmilbon-repair-tr
55,Global Milbon,リペア,リペア ヘアマスク,ヘアマスク,ダメージ / 枝毛 / ツヤ不足 / パサつき / 多重ブリーチ,150g,ミルボン,「ダメージケアをきちんと続けたい」方。,ダメージ補修処方が髪内部にアプローチし、しなやかさと指通りを取り戻します。,globalmilbon-repair-mask
56,Global Milbon Premium Position,ブロンドプラス,ブロンドプラス シャンプー,シャンプー,ダメージ / ツヤ不足 / bleach / colorFade / パサつき,200mL / 500mL / 1L パック,ミルボン,「ハイトーンの透明感をきれいに保ちたい」方。,黄ばみケアに特化した処方が、ハイトーンカラーの透明感とツヤを保ちます。,globalmilbon-blondeplus-sh
57,Global Milbon Premium Position,ブロンドプラス,ブロンドプラス トリートメント,トリートメント,bleach / colorFade / ダメージ / 乾燥 / ツヤ不足,200g / 500g / 1L パック,ミルボン,「ハイトーンの透明感をきれいに保ちたい」方。,黄ばみケアに特化した処方が、ハイトーンカラーの透明感とツヤを保ちます。,globalmilbon-blondeplus-tr
58,Global Milbon Premium Position,ブロンドプラス,ブロンドプラス ヘアマスク,ヘアマスク,ダメージ / ツヤ不足 / bleach / colorFade / パサつき,150g,ミルボン,「ハイトーンの透明感をきれいに保ちたい」方。,黄ばみケアに特化した処方が、ハイトーンカラーの透明感とツヤを保ちます。,globalmilbon-blondeplus-mask
59,Global Milbon Premium Position,リペアヒート,リペアヒート シャンプー,シャンプー,熱ダメージ / ダメージ / ツヤ不足 / パサつき / 多重ブリーチ,200mL / 500mL / 1L パック,ミルボン,「熱スタイリングを毎日続けるが、髪は守りたい」方。,熱ダメージにアプローチする処方が、アイロンの熱から髪を守り、なめらかさを引き出します。,globalmilbon-repairheat-sh
60,Global Milbon Premium Position,リペアヒート,リペアヒート トリートメント,トリートメント,熱ダメージ / ダメージ / ツヤ不足 / 乾燥 / パサつき,200g / 500g / 1L パック,ミルボン,「熱スタイリングを毎日続けるが、髪は守りたい」方。,熱ダメージにアプローチする処方が、アイロンの熱から髪を守り、なめらかさを引き出します。,globalmilbon-repairheat-tr
61,Global Milbon Premium Position,リペアヒート,リペアヒート ヘアマスク,ヘアマスク,熱ダメージ / ダメージ / ツヤ不足 / パサつき / 多重ブリーチ,150g,ミルボン,「熱スタイリングを毎日続けるが、髪は守りたい」方。,熱ダメージにアプローチする処方が、アイロンの熱から髪を守り、なめらかさを引き出します。,globalmilbon-repairheat-mask
62,SUWAE,suwae,suwae リラクシング シャンプー,シャンプー,広がり / うねり/くせ / 広がり / まとまり不足 / 湿気,200ml / 500ml / 1000ml refill,Milbon,くせ毛・うねり・広がり・ゴワつきが気になる方の根本ケアに。,ミルボン新ブランドsuwae、くせ・うねり毛を根元からやわらかくする革新シャンプー。,milbon-suwae-sh
63,SUWAE,suwae,suwae リラクシング トリートメント,トリートメント,広がり / うねり/くせ / 広がり / まとまり不足 / 湿気,200g / 500g / 1000g refill,Milbon,軟毛〜普通毛で細く絡まりやすいくせ毛・うねり毛の方に。,軟毛〜普通毛のくせ・うねり毛をさらりとまとめる、2way設計のsuwaeトリートメント。,milbon-suwae-tr
64,SUWAE,suwae,suwae リラクシング トリートメント+,トリートメント,広がり / うねり/くせ / 広がり / まとまり不足 / 湿気,200g / 500g / 1000g refill,Milbon,硬毛・ゴワつき・剛毛でくせ・うねりが強い方に。,硬毛・ゴワつき毛をしなやかにまとめる、suwae最強の柔軟トリートメント。,milbon-suwae-tr-plus
65,Kérastase,クロノロジスト,クロノロジスト バン,シャンプー,ツヤ不足 / ダメージ / aging / パサつき / thinning,バン クロノロジスト R 250mL,ロレアル,「最上級の体験を、自分や大切な人に贈りたい」方。,ブランド最高峰の処方が、ツヤ・補修・保湿を総合的に底上げします。,kerastase-chronologiste-sh
66,Kérastase,クロノロジスト,クロノロジスト フォンダン,トリートメント,ツヤ不足 / ダメージ / 乾燥 / aging / パサつき,フォンダン クロノロジスト R 200mL,ロレアル,「最上級の体験を、自分や大切な人に贈りたい」方。,ブランド最高峰の処方が、ツヤ・補修・保湿を総合的に底上げします。,kerastase-chronologiste-tr
67,Kérastase,クロノロジスト,クロノロジスト マスク,ヘアマスク,ツヤ不足 / ダメージ / aging / パサつき / thinning,マスク クロノロジスト R 200g,ロレアル,「最上級の体験を、自分や大切な人に贈りたい」方。,ブランド最高峰の処方が、ツヤ・補修・保湿を総合的に底上げします。,kerastase-chronologiste-mask
68,Kérastase,クロノロジスト,クロノロジスト ヘアオイル,アウトバスオイル,ツヤ不足 / ダメージ / aging / パサつき / thinning,ユイル スブリム ル 100mL,ロレアル,「最上級の体験を、自分や大切な人に贈りたい」方。,ブランド最高峰の処方が、ツヤ・補修・保湿を総合的に底上げします。,kerastase-chronologiste-oil
69,Kérastase,クロノロジスト,クロノロジスト セラム,スカルプエッセンス,ツヤ不足 / ダメージ / aging / パサつき / thinning,セラム クロノロジスト 30mL×6,ロレアル,「最上級の体験を、自分や大切な人に贈りたい」方。,ブランド最高峰の処方が、ツヤ・補修・保湿を総合的に底上げします。,kerastase-chronologiste-essence
70,Kérastase,クロマアブソリュ,クロマアブソリュ バン,シャンプー,カラー褪色 / ダメージ / ツヤ不足 / 乾燥 / 湿気,バン クロマ リッシュ 250mL,ロレアル,「カラーの色持ちにこだわりたい」方。,カラーケア処方が褪色を防ぎ、ツヤやかな色持ちを支えます。,kerastase-chromaabsolu-sh
71,Kérastase,クロマアブソリュ,クロマアブソリュ フォンダン,トリートメント,カラー褪色 / ダメージ / ツヤ不足 / 乾燥 / 湿気,フォンダン クロマ リッシュ 200mL,ロレアル,「カラーの色持ちにこだわりたい」方。,カラーケア処方が褪色を防ぎ、ツヤやかな色持ちを支えます。,kerastase-chromaabsolu-tr
72,Kérastase,クロマアブソリュ,クロマアブソリュ マスク,ヘアマスク,カラー褪色 / ダメージ / ツヤ不足 / 乾燥 / 湿気,マスク クロマ リッシュ 200g,ロレアル,「カラーの色持ちにこだわりたい」方。,カラーケア処方が褪色を防ぎ、ツヤやかな色持ちを支えます。,kerastase-chromaabsolu-mask
73,Kérastase,クロマアブソリュ,クロマアブソリュ ヘアオイル,アウトバスオイル,カラー褪色 / ダメージ / ツヤ不足 / 乾燥 / 湿気,ユイル クロマ アブソリュ 100mL,ロレアル,「カラーの色持ちにこだわりたい」方。,カラーケア処方が褪色を防ぎ、ツヤやかな色持ちを支えます。,kerastase-chromaabsolu-oil
74,Kérastase,ジェネシス,ジェネシス バン,シャンプー,ハリコシ不足 / aging / 頭皮乾燥 / 枝毛 / thinning,バン ニュートリ フォルティフィアン 250mL,ロレアル,「髪が細く、弱ってきた」と感じる方。,切れ毛ケアに着目した処方が、髪を内側からしなやかに整え、弱りにアプローチします。,kerastase-genesis-sh
75,Kérastase,ジェネシス,ジェネシス フォンダン,トリートメント,ハリコシ不足 / ダメージ / aging / 乾燥 / 頭皮乾燥,フォンダン ルネサンス 200mL,ロレアル,「髪が細く、弱ってきた」と感じる方。,切れ毛ケアに着目した処方が、髪を内側からしなやかに整え、弱りにアプローチします。,kerastase-genesis-tr
76,Kérastase,ジェネシス,ジェネシス マスク,ヘアマスク,ハリコシ不足 / aging / 頭皮乾燥 / 枝毛 / thinning,マスク ルコンストリュアン 200g,ロレアル,「髪が細く、弱ってきた」と感じる方。,切れ毛ケアに着目した処方が、髪を内側からしなやかに整え、弱りにアプローチします。,kerastase-genesis-mask
77,Kérastase,ジェネシス,ジェネシス セラム,スカルプエッセンス,ハリコシ不足 / ダメージ / aging / 頭皮乾燥 / 枝毛,セラム フォルティフィアン 90mL,ロレアル,「髪が細く、弱ってきた」と感じる方。,切れ毛ケアに着目した処方が、髪を内側からしなやかに整え、弱りにアプローチします。,kerastase-genesis-essence
78,Kérastase,ディシプリン,ディシプリン バン,シャンプー,広がり / 広がり / 湿気 / うねり/くせ / まとまり不足,バン フリュイディアリスト 250mL,ロレアル,「くせ毛・うねりをすっきりまとめたい」方。,うねりにアプローチする処方が、髪を規律あるなめらかさへと整えます。,kerastase-discipline-sh
79,Kérastase,ディシプリン,ディシプリン フォンダン,トリートメント,広がり / 広がり / 湿気 / うねり/くせ / まとまり不足,フォンダン フリュイディアリスト 200mL,ロレアル,「くせ毛・うねりをすっきりまとめたい」方。,うねりにアプローチする処方が、髪を規律あるなめらかさへと整えます。,kerastase-discipline-tr
80,Kérastase,ディシプリン,ディシプリン マスク,ヘアマスク,広がり / 広がり / 湿気 / うねり/くせ / まとまり不足,マスカラディスシプリン 200g,ロレアル,「くせ毛・うねりをすっきりまとめたい」方。,うねりにアプローチする処方が、髪を規律あるなめらかさへと整えます。,kerastase-discipline-mask
81,Kérastase,ディシプリン,ディシプリン ヘアオイル,アウトバスオイル,広がり / 広がり / 湿気 / うねり/くせ / まとまり不足,オレオ リラックス 100mL,ロレアル,「くせ毛・うねりをすっきりまとめたい」方。,うねりにアプローチする処方が、髪を規律あるなめらかさへと整えます。,kerastase-discipline-oil
82,Kérastase,ニュートリティブ,ニュートリティブ バン,シャンプー,乾燥 / ダメージ / ツヤ不足 / 広がり / dryness,バン サテン 250mL,ロレアル,「しっとりやわらかい質感を毎日続けたい」方。,保湿に特化した処方が、乾燥した髪をやわらかく整え、ツヤを引き出します。,kerastase-nutritive-sh
83,Kérastase,ニュートリティブ,ニュートリティブ フォンダン,トリートメント,乾燥 / ダメージ / ツヤ不足 / 広がり / dryness,フォンダン マジストラル 200mL,ロレアル,「しっとりやわらかい質感を毎日続けたい」方。,保湿に特化した処方が、乾燥した髪をやわらかく整え、ツヤを引き出します。,kerastase-nutritive-tr
84,Kérastase,ニュートリティブ,ニュートリティブ マスク,ヘアマスク,乾燥 / ダメージ / ツヤ不足 / 広がり / dryness,マスク マジストラル 200g,ロレアル,「しっとりやわらかい質感を毎日続けたい」方。,保湿に特化した処方が、乾燥した髪をやわらかく整え、ツヤを引き出します。,kerastase-nutritive-mask
85,Kérastase,ニュートリティブ,ニュートリティブ ヘアオイル,アウトバスオイル,乾燥 / ダメージ / ツヤ不足 / 広がり / dryness,ユイル マジストラル 100mL,ロレアル,「しっとりやわらかい質感を毎日続けたい」方。,保湿に特化した処方が、乾燥した髪をやわらかく整え、ツヤを引き出します。,kerastase-nutritive-oil
86,Kérastase,ブロンドアブソリュ,ブロンドアブソリュ バン,シャンプー,ダメージ / ツヤ不足 / bleach / colorFade / パサつき,バン ルミエール 250mL,ロレアル,「ブリーチの透明感をできるだけ長く楽しみたい」方。,ブロンド毛の黄ばみケアに特化した処方が、透明感と上質なツヤを保ちます。,kerastase-blondabsolu-sh
87,Kérastase,ブロンドアブソリュ,ブロンドアブソリュ フォンダン,トリートメント,ダメージ / ツヤ不足 / bleach / colorFade / 乾燥,フォンダン サーモプロテクト 200mL,ロレアル,「ブリーチの透明感をできるだけ長く楽しみたい」方。,ブロンド毛の黄ばみケアに特化した処方が、透明感と上質なツヤを保ちます。,kerastase-blondabsolu-tr
88,Kérastase,ブロンドアブソリュ,ブロンドアブソリュ マスク,ヘアマスク,ダメージ / ツヤ不足 / bleach / colorFade / パサつき,マスク ウルトラ ヴァイオレット 200g,ロレアル,「ブリーチの透明感をできるだけ長く楽しみたい」方。,ブロンド毛の黄ばみケアに特化した処方が、透明感と上質なツヤを保ちます。,kerastase-blondabsolu-mask
89,Kérastase,ブロンドアブソリュ,ブロンドアブソリュ ヘアオイル,アウトバスオイル,ダメージ / ツヤ不足 / bleach / colorFade / パサつき,ユイル シカ エクストレム 50mL,ロレアル,「ブリーチの透明感をできるだけ長く楽しみたい」方。,ブロンド毛の黄ばみケアに特化した処方が、透明感と上質なツヤを保ちます。,kerastase-blondabsolu-oil
90,Kérastase,レジスタンス,レジスタンス バン,シャンプー,ダメージ / 枝毛 / ツヤ不足 / パサつき / 切れ毛,バン エクステンショニスト 250mL,ロレアル,「カラーやパーマで弱った髪を立て直したい」方。,ダメージレベルに応じた補修処方が、髪の強さとしなやかさを取り戻します。,kerastase-resistance-sh
91,Kérastase,レジスタンス,レジスタンス フォンダン,トリートメント,ダメージ / 枝毛 / 乾燥 / ツヤ不足 / パサつき,フォンダン エクステンショニスト 200mL,ロレアル,「カラーやパーマで弱った髪を立て直したい」方。,ダメージレベルに応じた補修処方が、髪の強さとしなやかさを取り戻します。,kerastase-resistance-tr
92,Kérastase,レジスタンス,レジスタンス マスク,ヘアマスク,ダメージ / 枝毛 / ツヤ不足 / パサつき / 切れ毛,マスク エクステンショニスト 200g,ロレアル,「カラーやパーマで弱った髪を立て直したい」方。,ダメージレベルに応じた補修処方が、髪の強さとしなやかさを取り戻します。,kerastase-resistance-mask
93,Kérastase,レジスタンス,レジスタンス ヘアオイル,アウトバスオイル,ダメージ / 枝毛 / ツヤ不足 / パサつき / 切れ毛,セラム エクステンショニスト 50mL,ロレアル,「カラーやパーマで弱った髪を立て直したい」方。,ダメージレベルに応じた補修処方が、髪の強さとしなやかさを取り戻します。,kerastase-resistance-oil
94,SUBLIMIC,アクアインテンシブ,アクアインテンシブ シャンプー,シャンプー,ダメージ / 乾燥 / dryness / 広がり / ハリコシ不足,250mL / 500mL,資生堂プロフェッショナル,「カラー後の乾燥としなやかさの低下を立て直したい」方。,サブリミック発想の保湿処方が、乾燥した髪をしなやかに整え、うるおいを与えます。,sublimic-aquaintensive-sh
95,SUBLIMIC,アクアインテンシブ,アクアインテンシブ トリートメント,トリートメント,ダメージ / 乾燥 / dryness / 広がり / ハリコシ不足,250g / 500g,資生堂プロフェッショナル,「カラー後の乾燥としなやかさの低下を立て直したい」方。,サブリミック発想の保湿処方が、乾燥した髪をしなやかに整え、うるおいを与えます。,sublimic-aquaintensive-tr
96,SUBLIMIC,アクアインテンシブ,アクアインテンシブ マスク,ヘアマスク,ダメージ / 乾燥 / dryness / 広がり / ハリコシ不足,200g,資生堂プロフェッショナル,「カラー後の乾燥としなやかさの低下を立て直したい」方。,サブリミック発想の保湿処方が、乾燥した髪をしなやかに整え、うるおいを与えます。,sublimic-aquaintensive-mask
97,SUBLIMIC,アデノバイタル,アデノバイタル シャンプー,シャンプー,薄毛抜け毛 / ハリコシ不足 / 頭皮乾燥 / aging / thinning,250mL / 500mL,資生堂プロフェッショナル,「ハリコシとボリュームを取り戻したい」方。,ハリコシケアに特化した処方が、髪と頭皮の両方を整え、立ち上がるボリュームを引き出します。,sublimic-adenovital-sh
98,SUBLIMIC,アデノバイタル,アデノバイタル ヘアマスク,ヘアマスク,薄毛抜け毛 / ハリコシ不足 / 頭皮乾燥 / aging / thinning,ヘアマスク 200g,資生堂プロフェッショナル,「ハリコシとボリュームを取り戻したい」方。,ハリコシケアに特化した処方が、髪と頭皮の両方を整え、立ち上がるボリュームを引き出します。,sublimic-adenovital-mask
99,SUBLIMIC,アデノバイタル,アデノバイタル スカルプエッセンス,スカルプエッセンス,薄毛抜け毛 / ハリコシ不足 / 頭皮乾燥 / aging / thinning,スカルプエッセンス 180mL,資生堂プロフェッショナル,「ハリコシとボリュームを取り戻したい」方。,ハリコシケアに特化した処方が、髪と頭皮の両方を整え、立ち上がるボリュームを引き出します。,sublimic-adenovital-essence
100,SUBLIMIC,エアリーフロー,エアリーフロー シャンプー,シャンプー,広がり / まとまり不足 / 広がり / ボリュームダウン / うねり/くせ,250mL / 500mL,資生堂プロフェッショナル,「広がりは抑えたいけれど、軽い仕上がりがいい」方。,軽やかさとまとまりを両立する処方が、くせ・広がりを抑えながら扱いやすい質感へ整えます。,sublimic-airyflow-sh
101,SUBLIMIC,エアリーフロー,エアリーフロー トリートメント,トリートメント,ダメージ / 乾燥 / 広がり / まとまり不足 / 広がり,250g / 500g,資生堂プロフェッショナル,「広がりは抑えたいけれど、軽い仕上がりがいい」方。,軽やかさとまとまりを両立する処方が、くせ・広がりを抑えながら扱いやすい質感へ整えます。,sublimic-airyflow-tr
102,SUBLIMIC,エアリーフロー,エアリーフロー マスク,ヘアマスク,広がり / まとまり不足 / 広がり / ボリュームダウン / うねり/くせ,200g,資生堂プロフェッショナル,「広がりは抑えたいけれど、軽い仕上がりがいい」方。,軽やかさとまとまりを両立する処方が、くせ・広がりを抑えながら扱いやすい質感へ整えます。,sublimic-airyflow-mask
103,SUBLIMIC,フェンテフォルテ,フェンテフォルテ シャンプー,シャンプー,頭皮ベタつき / 蓄積汚れ / aging / 乾燥 / 頭皮乾燥,250mL / 500mL,資生堂プロフェッショナル,「頭皮環境を立て直したい」方。,頭皮ケアに特化した処方が、地肌環境を整え、すっきりとした洗い心地を与えます。,sublimic-fuenteforte-sh
104,SUBLIMIC,フェンテフォルテ,フェンテフォルテ トリートメント,トリートメント,頭皮ベタつき / ダメージ / aging / 乾燥 / 頭皮乾燥,250g / 500g,資生堂プロフェッショナル,「頭皮環境を立て直したい」方。,頭皮ケアに特化した処方が、地肌環境を整え、すっきりとした洗い心地を与えます。,sublimic-fuenteforte-tr
105,SUBLIMIC,フェンテフォルテ,フェンテフォルテ 頭皮用美容液,スカルプエッセンス,頭皮ベタつき / aging / 乾燥 / ハリコシ不足 / 頭皮乾燥,頭皮用美容液 125mL,資生堂プロフェッショナル,「頭皮環境を立て直したい」方。,頭皮ケアに特化した処方が、地肌環境を整え、すっきりとした洗い心地を与えます。,sublimic-fuenteforte-essence
106,SUBLIMIC,ルミノフォース,ルミノフォース シャンプー,シャンプー,カラー褪色 / ダメージ / ツヤ不足 / colorFade / 多重ブリーチ,250mL / 500mL,資生堂プロフェッショナル,「カラーをきれいに長く楽しみたい」方。,カラーケア設計が褪色を防ぎ、ツヤやかな色持ちを支えます。,sublimic-luminoforce-sh
107,SUBLIMIC,ルミノフォース,ルミノフォース トリートメント,トリートメント,カラー褪色 / ダメージ / ツヤ不足 / 乾燥 / colorFade,250g / 500g,資生堂プロフェッショナル,「カラーをきれいに長く楽しみたい」方。,カラーケア設計が褪色を防ぎ、ツヤやかな色持ちを支えます。,sublimic-luminoforce-tr
108,SUBLIMIC,ルミノフォース,ルミノフォース マスク,ヘアマスク,カラー褪色 / ダメージ / ツヤ不足 / colorFade / 多重ブリーチ,200g,資生堂プロフェッショナル,「カラーをきれいに長く楽しみたい」方。,カラーケア設計が褪色を防ぎ、ツヤやかな色持ちを支えます。,sublimic-luminoforce-mask
109,SUBLIMIC,ワンダーシールド,ワンダーシールド,アウトバスミルク,ダメージ / パサつき / 枝毛 / うねり/くせ / 湿気,125mL,資生堂プロフェッショナル,「サロン仕上がりを毎日続けたい」方。,外的ストレスにアプローチする処方が、サロン帰りのなめらかさを毎日持続させます。,sublimic-wondershield-out
110,TOKIO INKARAMI,TOKIO IE INKARAMI HEAD SPA,TOKIO IE INKARAMI HEAD SPA シャンプー,シャンプー,頭皮乾燥 / ダメージ / aging / 頭皮ベタつき / thinning,200mL,TOKIO,「ヘアケアと頭皮ケアを両立したい」方。,頭皮ケアに着目したインカラミ処方で、地肌を整えながら毛髪内部まで補修します。,tokio-headspa-sh
111,TOKIO INKARAMI,TOKIO IE INKARAMI HEAD SPA,TOKIO IE INKARAMI HEAD SPA トリートメント,トリートメント,aging / ダメージ / 乾燥 / 頭皮乾燥 / 頭皮ベタつき,200g,TOKIO,「ヘアケアと頭皮ケアを両立したい」方。,頭皮ケアに着目したインカラミ処方で、地肌を整えながら毛髪内部まで補修します。,tokio-headspa-tr
112,TOKIO INKARAMI,TOKIO IE INKARAMI PLATINUM,TOKIO IE INKARAMI PLATINUM シャンプー,シャンプー,ダメージ / 枝毛 / ツヤ不足 / bleach / 広がり,200mL,TOKIO,「補修はしたい、でも重くなりたくない」方。,プラチナム配合のインカラミ処方が、ダメージを補修しながらさらさらの軽いツヤを引き出します。,tokio-platinum-sh
113,TOKIO INKARAMI,TOKIO IE INKARAMI PLATINUM,TOKIO IE INKARAMI PLATINUM トリートメント,トリートメント,bleach / ダメージ / 乾燥 / 広がり / ツヤ不足,200g,TOKIO,「補修はしたい、でも重くなりたくない」方。,プラチナム配合のインカラミ処方が、ダメージを補修しながらさらさらの軽いツヤを引き出します。,tokio-platinum-tr
114,TOKIO INKARAMI,TOKIO IE INKARAMI PREMIUM,TOKIO IE INKARAMI PREMIUM シャンプー,シャンプー,bleach / ダメージ / 乾燥 / 広がり / ツヤ不足,200mL,TOKIO,「乾燥や広がりを抑え、しっとりまとめたい」方。,プレミアム処方のインカラミが、乾燥した髪の内部を補修し、しっとりとしたまとまりを引き出します。,tokio-premium-sh
115,TOKIO INKARAMI,TOKIO IE INKARAMI PREMIUM,TOKIO IE INKARAMI PREMIUM トリートメント,トリートメント,bleach / ダメージ / 乾燥 / 広がり / ツヤ不足,200g,TOKIO,「乾燥や広がりを抑え、しっとりまとめたい」方。,プレミアム処方のインカラミが、乾燥した髪の内部を補修し、しっとりとしたまとまりを引き出します。,tokio-premium-tr
116,TOKIO INKARAMI,アウトカラミ,TOKIO IE OUTKARAMI オイルトリートメント,アウトバスオイル,ダメージ / ツヤ不足 / 広がり / 枝毛 / bleach,オイルトリートメント 100mL,TOKIO,「ドライヤー前にもしっかり補修したい」方。,アウトバスでも内部補修にこだわるインカラミ発想。乾かす前のひと手間で、ツヤと指通りを引き上げます。,tokio-outkarami-oil
117,TOKIO INKARAMI,アウトカラミ,TOKIO IE OUTKARAMI プラチナムオイルトリートメント,アウトバスオイル,ダメージ / ツヤ不足 / 広がり / 枝毛 / bleach,プラチナム オイルトリートメント 100mL,TOKIO,「ドライヤー前にもしっかり補修したい」方。,アウトバスでも内部補修にこだわるインカラミ発想。乾かす前のひと手間で、ツヤと指通りを引き上げます。,tokio-outkarami-oil-2
118,TOKIO INKARAMI,リミテッド,TOKIO IE INKARAMI LIMITED シャンプー,シャンプー,ダメージ / 枝毛 / ツヤ不足 / bleach / colorFade,200mL,TOKIO,「補修感も上質なまとまりも妥協したくない」方。,プレミアム配合のインカラミ処方が、ハイダメージ毛にも補修感としっとりまとまりを与えます。,tokio-limited-sh
119,TOKIO INKARAMI,リミテッド,TOKIO IE INKARAMI LIMITED トリートメント,トリートメント,ダメージ / 枝毛 / ツヤ不足 / bleach / colorFade,200g,TOKIO,「補修感も上質なまとまりも妥協したくない」方。,プレミアム配合のインカラミ処方が、ハイダメージ毛にも補修感としっとりまとまりを与えます。,tokio-limited-tr
120,TOKIO INKARAMI,リミテッド,TOKIO IE INKARAMI LIMITED アウトバス,アウトバスミルク,ダメージ / 枝毛 / ツヤ不足 / bleach / colorFade,アウトバス/集中ケア 80g,TOKIO,「補修感も上質なまとまりも妥協したくない」方。,プレミアム配合のインカラミ処方が、ハイダメージ毛にも補修感としっとりまとまりを与えます。,tokio-limited-out
121,BYKARTE,エッセンスオイル,エッセンス オイル,アウトバスオイル,ダメージ / 乾燥 / 広がり / ツヤ不足 / まとまり不足,オイル 100mL,ホーユー,「毛先のまとまりとやわらかさを整えたい」方。,アウトバス補修処方が、毛先のパサつきと広がりを整え、しっとりまとめます。,viequalite-essence-oil
122,BYKARTE,エッセンスミルク,エッセンス ミルク,アウトバスミルク,ダメージ / 乾燥 / 広がり / ツヤ不足 / まとまり不足,ミルク 100g,ホーユー,「毛先のまとまりとやわらかさを整えたい」方。,アウトバス補修処方が、毛先のパサつきと広がりを整え、しっとりまとめます。,viequalite-essence-out
123,BYKARTE,コンセントレイトエッセンス,コンセントレイト エッセンス,ヘアマスク,ダメージ / 枝毛 / ツヤ不足 / bleach / パサつき,50mL,ホーユー,「毛先を集中的に補修したい」方。,毛先専用の補修美容液が、なめらかさとまとまりを集中的に与えます。,viequalite-concentrate-mask
124,BYKARTE,セラムトリートメント,セラムトリートメント HS+,トリートメント,ダメージ / 乾燥 / ツヤ不足 / パサつき / 切れ毛,SS+ 200g,ホーユー,「自分の髪質に合うトリートメントを精密に選びたい」方。,髪質別に設計された補修処方が、ダメージを整え、希望の仕上がりへ導きます。,viequalite-serum-tr
125,BYKARTE,セラムトリートメント,セラムトリートメント MS+,トリートメント,ダメージ / 乾燥 / ツヤ不足 / パサつき / 切れ毛,MS+ 200g,ホーユー,「自分の髪質に合うトリートメントを精密に選びたい」方。,髪質別に設計された補修処方が、ダメージを整え、希望の仕上がりへ導きます。,viequalite-serum-tr-2
126,BYKARTE,セラムトリートメント,セラムトリートメント SS+,トリートメント,ダメージ / 乾燥 / ツヤ不足 / パサつき / 切れ毛,HS+ 200g,ホーユー,「自分の髪質に合うトリートメントを精密に選びたい」方。,髪質別に設計された補修処方が、ダメージを整え、希望の仕上がりへ導きます。,viequalite-serum-tr-3
127,BYKARTE,セラムマスク,セラムマスク,ヘアマスク,ダメージ / 枝毛 / ツヤ不足 / パサつき / 多重ブリーチ,180g,ホーユー,「毛先のダメージを集中的に整えたい」方。,集中補修処方が、毛先のダメージを整え、なめらかな質感を取り戻します。,viequalite-serummask-mask
128,BYKARTE,リペアシャンプー CH+,リペアシャンプー CH+,シャンプー,ダメージ / ツヤ不足 / colorFade / パサつき / カラー褪色,250mL,ホーユー,「ダメージを補修しながら、しっかりまとめたい」方。,普通毛〜硬毛向けの補修処方が、髪を内側から整え、まとまりとなめらかさを与えます。,viequalite-ch-sh
129,BYKARTE,リペアシャンプー FH+,リペアシャンプー FH+,シャンプー,ダメージ / ツヤ不足 / パサつき / ボリュームダウン / volumeLoss,250mL,ホーユー,「補修したいけれど、軽さは残したい」方。,細毛・軟毛向けの補修処方が、軽さを保ちながら髪を整え、ふんわりとしたまとまりを与えます。,viequalite-fh-sh
130,BYKARTE,リペアシャンプー UH+,リペアシャンプー UH+,シャンプー,ダメージ / 広がり / 湿気 / まとまり不足 / 広がり,250mL,ホーユー,「うねりを抑えながら補修もしたい」方。,うねりケアに着目した補修処方が、髪をなめらかにまとめ、扱いやすい質感へ整えます。,viequalite-uh-sh
131,System Professional,BALANCE,システム プロフェッショナル B2 バランスマスク,マスク,頭皮敏感 / 頭皮乾燥 / 細毛 / ダメージ / ツヤ不足,200ml,Wella,敏感肌・乾燥肌の頭皮ケアと髪の保湿に。,頭皮と髪をやさしく整える、敏感肌対応マスク。,syspro-balance-mask
132,System Professional,BALANCE,システム プロフェッショナル B エナジーセラム,スカルプエッセンス,頭皮乾燥 / 細毛 / 軟毛 / ダメージ / ボリューム不足,100ml,Wella,薄毛・抜け毛・ボリュームダウンが気になる方に。,頭皮に活力を与える、エナジースカルプセラム。,syspro-balance-energyserum
133,System Professional,BALANCE,システム プロフェッショナル B バランスローション,スカルプエッセンス,頭皮敏感 / 頭皮乾燥 / 細毛 / 軟毛 / ダメージ,150ml,Wella,頭皮の乾燥・敏感、季節の変わり目のケアに。,頭皮にうるおいと安定感を与える、デイリーローション。,syspro-balance-lotion
134,System Professional,BALANCE,システム プロフェッショナル B1 バランスシャンプー,シャンプー,頭皮敏感 / 頭皮乾燥 / 細毛 / 軟毛 / ダメージ,250ml / 1000ml,Wella,頭皮の乾燥・敏感・かゆみが気になる方に。,頭皮環境を整える、敏感肌対応シャンプー。,syspro-balance-sh
135,System Professional,BLOND,システム プロフェッショナル B3 ブロンドリバイブマスク,マスク,多重ブリーチ / 黄ばみ / ブリーチダメージ / ダメージ / カラー褪色,200ml,Wella,ブリーチ・ハイトーン・ハイライト施術後の集中補修と色味維持に。,ブロンド・ハイトーン毛のための、補修と色味補正を両立するマスク。,syspro-blond-mask
136,System Professional,COLOR SAVE,システム プロフェッショナル C2 カラーセーブマスク,マスク,カラー褪色 / ダメージ / ツヤ不足 / 乾燥 / 多重ブリーチ,200ml,Wella,カラーの持ちと髪のコンディションを両立させたい方に。,色とコンディションを同時に守る、カラーケアマスク。,syspro-colorsave-mask
137,System Professional,COLOR SAVE,システム プロフェッショナル C カラーセーブフルイド,アウトバスオイル,カラー褪色 / ダメージ / ツヤ不足 / 乾燥 / 多重ブリーチ,30ml,Wella,カラー後の毛先のパサつき・ツヤ不足のポイントケアに。,カラー毛のための集中ツヤフルイド。,syspro-colorsave-fluid
138,System Professional,COLOR SAVE,システム プロフェッショナル C バイフェーズ コンディショニング スプレー,アウトバスミスト,カラー褪色 / ダメージ / ツヤ不足 / 広がり / 乾燥,185ml,Wella,スタイリング前後のカラーケアと指通り改善に。,カラーを守りながら指通りを整える二層式スプレー。,syspro-colorsave-bispray
139,System Professional,COLOR SAVE,システム プロフェッショナル C1 カラーセーブシャンプー,シャンプー,カラー褪色 / ダメージ / ツヤ不足 / 乾燥 / 多重ブリーチ,250ml / 1000ml,Wella,カラー直後〜数週間、色の鮮やかさを長く楽しみたい方に。,色の美しさを長く守る、カラーケア専用シャンプー。,syspro-colorsave-sh
140,System Professional,COLOR SAVE,システム プロフェッショナル C3 カラーセーブコンディショナー,トリートメント,カラー褪色 / ダメージ / ツヤ不足 / 乾燥 / 多重ブリーチ,200ml / 1000ml,Wella,カラーをきれいに長く保ちたい方のデイリーケアに。,色を守り、なめらかさを与えるカラーケアコンディショナー。,syspro-colorsave-co
141,System Professional,EXTRA,システム プロフェッショナル エクストラ エラスティック フォース,ブースター,多重ブリーチ / ダメージ / 細毛 / 薄毛抜け毛 / 弾力不足,50ml,Wella,ハリ・コシ・弾力を失った髪、複合ダメージ毛に。,髪の弾力を取り戻す、ハリ・コシのブースター。,syspro-extra-elasticforce
142,System Professional,EXTRA,システム プロフェッショナル エクストラ リピッドブースター,ブースター,多重ブリーチ / ダメージ / 弾力不足 / 切れ毛 / 枝毛,50ml,Wella,ブリーチ・ハイダメージで脂質が抜けた髪のレスキューに。,ブリーチ毛のためのリピッドブースター、脂質を集中補給。,syspro-extra-lipidbooster
143,System Professional,EXTRA,システム プロフェッショナル エクストラ アルファエナジー,スカルプエッセンス,多重ブリーチ / ダメージ / 細毛 / 薄毛抜け毛 / 軟毛,100ml,Wella,薄毛・抜け毛・髪密度低下が気になる方の集中スカルプケアに。,髪密度を整える、エナジースカルプエッセンス。,syspro-extra-alphaenergy
144,System Professional,HYDRATE,システム プロフェッショナル H2 ハイドレートマスク,マスク,乾燥 / ツヤ不足 / 広がり / ダメージ / 絡まり,200ml,Wella,極度の乾燥・ザラつき・ツヤ不足が気になる髪に。週1〜2回の集中ケアに。,芯から潤う質感へ。乾燥した髪のための集中保湿マスク。,syspro-hydrate-mask
145,System Professional,HYDRATE,システム プロフェッショナル H クエンチング ミスト,アウトバスミスト,乾燥 / ツヤ不足 / 広がり / ダメージ / static,150ml,Wella,日中の乾燥・静電気・パサつきが気になる方に。,いつでも潤いを補給できる、軽やかなリーブインミスト。,syspro-hydrate-mist
146,System Professional,HYDRATE,システム プロフェッショナル H1 ハイドレートシャンプー,シャンプー,乾燥 / ツヤ不足 / 広がり / ダメージ / カラー褪色,250ml / 1000ml,Wella,乾燥でパサつき・ツヤ不足を感じる髪に。サロン品質の保湿ベースを求める方へ。,潤いに満ちたしなやかな質感を取り戻す、最上質の保湿シャンプー。,syspro-hydrate-sh
147,System Professional,HYDRATE,システム プロフェッショナル H3 ハイドレートコンディショナー,トリートメント,乾燥 / ツヤ不足 / 広がり / ダメージ / 絡まり,200ml / 1000ml,Wella,日常的に乾燥・パサつきを感じる髪のベースケアに。,日々の乾燥を芯から整える、保湿コンディショナー。,syspro-hydrate-co
148,System Professional,LUXEOIL,システム プロフェッショナル LO ラグジュアリーオイル ケラチンリストアマスク,マスク,ダメージ / 枝毛 / ツヤ不足 / 多重ブリーチ / カラー褪色,200ml,Wella,ブリーチ・連続カラーでハイダメージが進行した髪へ。,ハイダメージ毛のための、最上級リストアマスク。,syspro-luxeoil-mask
149,System Professional,LUXEOIL,システム プロフェッショナル LO ケラチンブーストエッセンス,outbath-mist,ダメージ / 枝毛 / ツヤ不足 / 熱ダメージ / カラー褪色,100ml,Wella,ハイダメージ毛のリーブインケア、サロン後のホームケアに。,ハイダメージ毛のためのブースト型リーブインエッセンス。,syspro-luxeoil-boost
150,System Professional,LUXEOIL,システム プロフェッショナル LO ラグジュアリーオイル リコンストラクティブエリクサー,アウトバスオイル,ダメージ / 枝毛 / ツヤ不足 / 多重ブリーチ / 広がり,100ml,Wella,ツヤ・なめらかさ・ヒートプロテクトを一本で叶えたい方に。,ハイダメージ毛のための万能アウトバスオイル。,syspro-luxeoil-elixir
151,System Professional,LUXEOIL,システム プロフェッショナル LO ラグジュアリーオイル ケラチンプロテクトシャンプー,シャンプー,ダメージ / 枝毛 / ツヤ不足 / 多重ブリーチ / 広がり,200ml / 1000ml,Wella,カラー・ブリーチ・パーマで傷んだ髪の質感を立て直したい方に。,タンパク質を守りながら洗い上げる、ダメージ毛のための上質ケアシャンプー。,syspro-luxeoil-sh
152,System Professional,LUXEOIL,システム プロフェッショナル LO ラグジュアリーオイル ケラチンコンディショニングクリーム,トリートメント,ダメージ / 枝毛 / ツヤ不足 / 多重ブリーチ / 広がり,200ml / 1000ml,Wella,ハイダメージ毛のデイリートリートメントとして。,日々の補修で髪の芯を強くする、ラグジュアリーケアトリートメント。,syspro-luxeoil-tr
153,System Professional,MAN,システム プロフェッショナル マン ヘア&ビアード オイル,アウトバスオイル,頭皮ベタつき / 細毛 / 頭皮乾燥 / ボリューム不足 / ツヤ不足,30ml,Wella,髪とヒゲを同時にケアしたい男性に。,髪もヒゲもケアできる、メンズマルチオイル。,syspro-man-beardoil
154,System Professional,MAN,システム プロフェッショナル マン トリプル シャンプー,シャンプー,頭皮ベタつき / 細毛 / 頭皮乾燥 / ボリューム不足 / 軟毛,250ml,Wella,時短ケア派、頭皮ケア重視の男性に。,メンズのための、3 in 1スカルプシャンプー。,syspro-man-triplesh
155,System Professional,REPAIR,システム プロフェッショナル R3 リペアマスク,マスク,ダメージ / 多重ブリーチ / ブリーチダメージ / 切れ毛 / 枝毛,200ml,Wella,ブリーチ毛・パサつき・切れ毛が顕著な髪の集中ケアに。,ハイダメージ毛のためのインテンスリペアマスク。,syspro-repair-mask
156,System Professional,REPAIR,システム プロフェッショナル パーフェクトヘア,アウトバスムース,ダメージ / 切れ毛 / 枝毛 / 熱ダメージ / ツヤ不足,180ml,Wella,日常的に熱・摩擦・カラーストレスを受ける髪の総合ケアに。,12 in 1 のオールインワン リーブインリペア。,syspro-repair-perfecthair
157,System Professional,REPAIR,システム プロフェッショナル R1 リペアシャンプー,シャンプー,ダメージ / 多重ブリーチ / ブリーチダメージ / 切れ毛 / 枝毛,250ml / 1000ml,Wella,繰り返しのカラー・ブリーチ・縮毛矯正でハイダメージが進行した髪に。,ダメージ毛の構造を整え、後のケアの浸透を最大化する補修シャンプー。,syspro-repair-sh
158,System Professional,REPAIR,システム プロフェッショナル R2 リペアコンディショナー,トリートメント,ダメージ / 多重ブリーチ / ブリーチダメージ / 切れ毛 / 枝毛,200ml / 1000ml,Wella,ダメージ毛のデイリーケアに。R1シャンプー後の最適な組み合わせ。,芯のしなやかさを取り戻す、補修系コンディショナー。,syspro-repair-co
159,System Professional,SMOOTHEN,システム プロフェッショナル S3 スムーセンマスク,マスク,広がり / 広がり / 湿気 / うねり/くせ / 扱いにくさ,200ml,Wella,くせ毛・剛毛のスペシャルケア、湿気の多い季節に。,くせ毛・剛毛のための集中スムージングマスク。,syspro-smoothen-mask
160,System Professional,SMOOTHEN,システム プロフェッショナル S1 スムーセンシャンプー,シャンプー,広がり / 広がり / 湿気 / うねり/くせ / 扱いにくさ,250ml / 1000ml,Wella,くせ毛・剛毛で広がり・うねりが気になる髪のベースケアに。,芯からまとまる髪へ整えるスムージングシャンプー。,syspro-smoothen-sh
161,System Professional,SMOOTHEN,システム プロフェッショナル S2 スムーセンコンディショナー,トリートメント,広がり / 広がり / 湿気 / うねり/くせ / まとまり不足,200ml / 1000ml,Wella,くせ毛・広がりやすい髪のデイリーコンディショナーに。,広がりを整え、まとまりへ導くスムージングコンディショナー。,syspro-smoothen-co
162,System Professional,SOLAR,システム プロフェッショナル ソラ― サン オイル,アウトバスオイル,紫外線ダメージ / 乾燥 / ダメージ / カラー褪色 / ツヤ不足,100ml,Wella,夏場のアウトドア・海・プール前のヘアプロテクトに。,日差しから髪を守る、UVケアヘアオイル。,syspro-solar-sunoil
163,System Professional,SOLAR,システム プロフェッショナル ソラ― シーリング クリーム,アウトバスクリーム,紫外線ダメージ / 乾燥 / ダメージ / カラー褪色 / 広がり,150ml,Wella,日差しの強い日の外出前、髪を守りたいシーンに。,日差しから髪をシールする、UVケアクリーム。,syspro-solar-sealing
164,System Professional,SOLAR,システム プロフェッショナル ソラ― シャンプー,シャンプー,紫外線ダメージ / 乾燥 / ダメージ / カラー褪色 / ツヤ不足,250ml,Wella,プール・海・強い日差しに当たった後のリセットケアに。,日差しダメージから髪をリセットする、アフターサンシャンプー。,syspro-solar-sh
165,System Professional,SOLAR,システム プロフェッショナル ソラ― ハイドロリペア クリーム,トリートメント,紫外線ダメージ / 乾燥 / ダメージ / カラー褪色 / ツヤ不足,200ml,Wella,日差しと乾燥でパサついた髪のレスキューケアに。,夏ダメージの集中補修クリーム。,syspro-solar-hydrocream
166,System Professional,VOLUMIZE,システム プロフェッショナル V2 ボリュマイズマスク,マスク,ボリューム不足 / 細毛 / 軟毛 / ぺたんとする / ハリコシ不足,200ml,Wella,細毛・ボリュームレス・トップがぺたんとしやすい髪に。,芯のあるボリュームを与える、軽やかな集中マスク。,syspro-volumize-mask
167,System Professional,VOLUMIZE,システム プロフェッショナル V エアロリフター,アウトバスムース,ボリューム不足 / 細毛 / 軟毛 / ぺたんとする / ハリコシ不足,150ml,Wella,トップのボリューム不足、立ち上がりが欲しい方に。,根元から立ち上げる、エアリーボリュームムース。,syspro-volumize-aerolifter
168,System Professional,VOLUMIZE,システム プロフェッショナル V1 ボリュマイズシャンプー,シャンプー,ボリューム不足 / 細毛 / 軟毛 / ぺたんとする / ハリコシ不足,250ml / 1000ml,Wella,細毛・軟毛でぺたんとしやすい髪、トップにボリュームが欲しい方に。,細い髪に芯のあるボリュームを与える、軽やかなボリュームシャンプー。,syspro-volumize-sh
169,System Professional,アルタイム スムース,アルタイム S シャンプー,シャンプー,広がり / 広がり / 湿気 / うねり/くせ / 扱いにくさ,250mL,Wella ウエラ ジャパン,「広がりを抑えつつ、しなやかな指通りで仕上げたい」方。,スクワランとOMEGA-9配合の処方が髪をしなやかに保湿しながらクレンジング。メタルピュリファイヤーテクノロジーで純度の高い洗いあがりを実現します。,wella-ultimesmooth-sh
170,System Professional,アルタイム スムース,アルタイム S インテンス マスク,ヘアマスク,広がり / 広がり / 湿気 / うねり/くせ / 扱いにくさ,150mL,Wella ウエラ ジャパン,「集中的にまとまりを取り戻したい」方。,グリセリン・パンテノール・スクワラン処方が髪の内側へ深く浸透し、広がりをおさえ、なめらかで扱いやすい髪に導きます。,wella-ultimesmooth-mask
171,System Professional,アルタイム スムース,アルタイム S ミラクル バームトリートメント,アウトバスミルク,広がり / 広がり / 湿気 / うねり/くせ / 扱いにくさ,100mL,Wella ウエラ ジャパン,「やわらかさとまとまりを両立したい」方。,バーム発想の処方が髪に密着し、広がりやうねりを抑えながらしっとりまとまるやわらかな髪へ導きます。,wella-ultimesmooth-balm
172,System Professional,アルタイム スムース,アルタイム S ミラクル ミルクスプレー,アウトバスミルク,広がり / 広がり / 湿気 / うねり/くせ / 扱いにくさ,100mL,Wella ウエラ ジャパン,「広がりは抑えたいけれど、軽さも欲しい」方。,スプレータイプのミルク処方が髪に均一になじみ、広がりやうねりを抑えて毛先までさらさらにまとめます。,wella-ultimesmooth-milkspray
173,System Professional,アルタイム スムース,アルタイム S ミラクル オイルセラム,アウトバスオイル,広がり / 広がり / 湿気 / うねり/くせ / 扱いにくさ,100mL,Wella ウエラ ジャパン,「広がりを抑えながら、輝くツヤを纏いたい」方。,スクワランとOMEGA-9を配合したオイルセラムが、髪の広がりやうねりをおさえ、輝くツヤを引き出します。,wella-ultimesmooth-oilserum
174,System Professional,アルタイム リペア,アルタイム R シャンプー,シャンプー,多重ブリーチ / ダメージ / ブリーチダメージ / 切れ毛 / 弾力不足,250mL,Wella ウエラ ジャパン,「ハイトーンを楽しみながら、髪の純度と補修を妥協したくない」方。,AHAとOMEGA-9配合の処方が髪を補修しながら、メタルピュリファイヤーテクノロジーで金属イオンなどの不純物を取り除き、なめらかな洗いあがりを実現します。,wella-ultimerepair-sh
175,System Professional,アルタイム リペア,アルタイム R インテンス マスク,ヘアマスク,多重ブリーチ / ダメージ / ブリーチダメージ / 切れ毛 / 弾力不足,150mL,Wella ウエラ ジャパン,「ダメージを集中的に立て直し、強い髪を取り戻したい」方。,濃密な補修処方が髪内部にしっかり浸透し、なめらかでハリのある強い髪へと導きます。,wella-ultimerepair-mask
176,System Professional,アルタイム リペア,アルタイム RM ナイトトリートメント,アウトバスミルク,多重ブリーチ / ダメージ / ブリーチダメージ / 切れ毛 / 弾力不足,95mL,Wella ウエラ ジャパン,「夜のうちにケアして、朝のまとまりを整えたい」方。,軽い質感でも瞬時に広がりを抑える処方が、寝ている間も髪をいたわり、翌朝のまとまりを高めます。,wella-ultimerepair-nighttreatment
177,System Professional,アルタイム リペア,アルタイム RM ヘアトリートメント,アウトバスミルク,多重ブリーチ / ダメージ / ブリーチダメージ / 切れ毛 / 弾力不足,95mL,Wella ウエラ ジャパン,「ベタつかず、瞬時に補修を感じたい」方。,ミスト発想の処方が髪に瞬時に行き渡り、ダメージを集中的に補修しながら、軽やかな質感に整えます。,wella-ultimerepair-treatment
178,System Professional,アルタイム リペア,アルタイム RM ヘアオイル,アウトバスオイル,多重ブリーチ / ダメージ / ブリーチダメージ / 切れ毛 / 弾力不足,95mL,Wella ウエラ ジャパン,「ツヤとなめらかさを毎日続けたい」方。,キューティクルを補修する処方が、毛先までなめらかにツヤめく髪へと導きます。,wella-ultimerepair-oil
179,Schwarzkopf,ファイバープレックス,ファイバープレックス ボンド シャンプー,シャンプー,多重ブリーチ / ブリーチダメージ / ダメージ / 切れ毛 / ハイライト,250mL / 550mL,ヘンケルジャパン,「ブリーチを楽しみたいが、髪の結合は守りたい」方。,Fiber Bond Technology が髪の結合をケアし、ジカルボン酸が繰り返すダメージから髪を守ります。きめ細かな泡立ちで、ブリーチ毛もなめらかに洗い上げます。,schwarzkopf-fibreplex-sh
180,Schwarzkopf,ファイバープレックス,ファイバープレックス ボンド トリートメント,トリートメント,多重ブリーチ / ブリーチダメージ / ダメージ / 切れ毛 / ハイライト,250g / 550g,ヘンケルジャパン,「ハイトーンのまま、しなやかな手触りを取り戻したい」方。,ジカルボン酸が髪のフィブリル間を補強し、結合をケア。カラーの色持ちを支えながら、しなやかな仕上がりへ導きます。,schwarzkopf-fibreplex-tr
181,Schwarzkopf,ファイバープレックス,ファイバープレックス No.4 ボンド セラム,アウトバスミルク,多重ブリーチ / ブリーチダメージ / ダメージ / 切れ毛 / ハイライト,100g,ヘンケルジャパン,「ボンドケアを日常で続けたい」方。,ボンドケアのアイコンセラムが、毎日のケアにハイダメージ補修を取り入れます。,schwarzkopf-fibreplex-no4serum
182,Schwarzkopf,ファイバープレックス,ファイバープレックス ボンドミルク,アウトバスミルク,多重ブリーチ / ブリーチダメージ / ダメージ / 切れ毛 / ハイライト,100g,ヘンケルジャパン,「ハイダメージ毛をしっかり補修してまとめたい」方。,ボンドケア処方のミルクが髪内部に行き渡り、ハイダメージ毛をしっとりとまとめます。,schwarzkopf-fibreplex-bondmilk
183,Schwarzkopf,ファイバープレックス,ファイバープレックス ボンドオイル,アウトバスオイル,多重ブリーチ / ブリーチダメージ / ダメージ / 切れ毛 / ハイライト,150mL,ヘンケルジャパン,「ハイトーン毛のツヤを毎日続けたい」方。,ボンドケアオイルが髪をコーティングし、ハイトーン毛のツヤとなめらかさを引き出します。,schwarzkopf-fibreplex-bondoil
184,REKERA,REKERA,REKERA エマルジョン (インバス),トリートメント,ダメージ / 多重ブリーチ / ブリーチダメージ / 切れ毛 / 弾力不足,インバス使用 200g,リトルサイエンティスト,ハイダメージ・ブリーチ・縮毛矯正後の集中補修に。中間ステップで芯から立て直したい方に。,"""髪の乳液"" として人気の集中補修トリートメント。液晶コレステロール×植物バターでハイダメージ毛にしなやかさを取り戻す。",likera-emulsion-tr
185,REKERA,REKERA,REKERA エマルジョン (アウトバス),アウトバスミルク,ダメージ / 熱ダメージ / 多重ブリーチ / ブリーチダメージ / 切れ毛,200g,リトルサイエンティスト,ハイダメージ毛のアウトバスケア、髪の中間〜毛先の集中補修に。,"タオルドライ後に塗るだけで、髪の芯から立て直す ""リーブイン版乳液""。ハイダメージ毛の救世主。",likera-emulsion-out
186,REKERA,REKERA,REKERA ミスト,アウトバスミスト,熱ダメージ / ダメージ / 多重ブリーチ / ブリーチダメージ / 紫外線ダメージ,200ml,リトル・サイエンティスト,ドライヤー・アイロン前のヒートケア、ハイダメージ毛の日常保護に。,"熱を使うほど、髪が補修される。アイロン前のひと吹きで、ダメージ進行を補修に変える""魔法のミスト""。",likera-mist
187,REKERA,REKERA,REKERA オイル,アウトバスオイル,ツヤ不足 / ダメージ / 熱ダメージ / 多重ブリーチ / ブリーチダメージ,100ml,リトル・サイエンティスト,スタイリングの仕上げ、ツヤと軽さを両立したい方、カラーをきれいに保ちたい方に。,ガラスのような透明感ツヤ。液晶皮膜×フラーレンで、軽さとカラーの輝きを同時に守るフィニッシュオイル。,likera-oil
188,Oggi otto,Dr.s,インプレッシブ セラム ブラック,シャンプー,ダメージ / 多重ブリーチ / ツヤ不足 / 枝毛 / ブリーチダメージ,300ml / 700ml refill,Techno Huit,最上級のサロンケアをホームで再現したい、ハイダメージ毛の方に。,Dr.sシリーズ最上位、Oggi ottoのプレミアム補修シャンプー。,oggiotto-drs-black-sh
189,Oggi otto,Dr.s,インプレッシブ セラムマスク ブラック,マスク,ダメージ / 多重ブリーチ / ツヤ不足 / 枝毛 / ブリーチダメージ,180g / 700g refill,Techno Huit,ハイダメージ毛・ブリーチ毛の集中サロンレベルケアに。,Dr.sシリーズ最上位の濃厚補修マスク、ハイダメージ毛のレスキューに。,oggiotto-drs-black-mask
190,Oggi otto,Dr.s,アロマスキャルプエッセンス SOIL CRASCI,スカルプエッセンス,薄毛抜け毛 / 頭皮乾燥 / 細毛 / 軟毛 / ボリューム不足,100ml,Techno Huit,本格的なエイジング・薄毛抜け毛対策を求める方に。,Dr.sの最高峰スカルプセラム、本格的な薄毛ケアを叶える濃密処方。,oggiotto-drs-soilcrasci
191,Oggi otto,Dr.s,スキャルプエイド セラムマスク,スカルプエッセンス,薄毛抜け毛 / 頭皮乾燥 / 頭皮敏感 / 細毛 / ハリコシ不足,130g,Techno Huit,頭皮の乾燥・敏感・エイジングサインが気になる方に。,頭皮と髪を同時に整えるDr.sのスカルプケアマスク。,oggiotto-drs-scalpaid
192,Oggi otto,Dr.s,スキャルプケアジェル,スカルプエッセンス,頭皮乾燥 / 頭皮ベタつき / 蓄積汚れ / ダメージ / 多重ブリーチ,130g,Techno Huit,頭皮のベタつき・ニオイ・スタイリング残留が気になる方に。,頭皮を傷めず老廃物を分解する、プレクレンジングスカルプジェル。,oggiotto-drs-scalpgel
193,Oggi otto,OGGI MUTA,OGGI MUTA グランドセラム,シャンプー,ダメージ / 紫外線ダメージ / 多重ブリーチ / ツヤ不足 / 枝毛,300ml / 700ml refill,Techno Huit,最高峰のサロンケアを毎日使いたい、ラグジュアリー志向の方に。,精製水8%の極上美容液シャンプー、ムータ×Oggi otto最高峰のラグジュアリーケア。,oggiotto-muta-sh
194,Oggi otto,OGGI MUTA,OGGI MUTA グランドセラムマスク スムース,マスク,ダメージ / 多重ブリーチ / ツヤ不足 / 枝毛 / 細毛,210g / 700g refill,Techno Huit,細毛・軟毛・普通毛で最高峰ケアを求める方に。,ムータの最上位スムースマスク、細毛にハリと上質なツヤを。,oggiotto-muta-mask-smooth
195,Oggi otto,OGGI MUTA,OGGI MUTA グランドセラムマスク モイスチャー,マスク,ダメージ / 多重ブリーチ / ツヤ不足 / 乾燥 / 広がり,210g / 700g refill,Techno Huit,多毛・クセ毛・広がりやすい髪で最高峰ケアを求める方に。,ムータの最上位モイスチャーマスク、多毛・クセ毛に潤いとまとまりを。,oggiotto-muta-mask-moisture
196,Oggi otto,OGGI MUTA,OGGI MUTA グランドエマルジョン,アウトバスミルク,ダメージ / ツヤ不足 / 乾燥 / 広がり / 広がり,150g,Techno Huit,まとまりとしっとり感を求める方の毎日のケアに。,ムータのなめらかさを引き出すラグジュアリーミルク。,oggiotto-muta-emulsion
197,Oggi otto,OGGI MUTA,OGGI MUTA グランドミスト,アウトバスミスト,ダメージ / ツヤ不足 / 乾燥 / 絡まり / 紫外線ダメージ,150ml,Techno Huit,軽い使用感を求める方、毎日のリーブインケアに。,ムータ最高峰の軽やかリーブインミスト、シトラスフローラルの香り。,oggiotto-muta-mist
198,Oggi otto,OGGI MUTA,OGGI MUTA グランドオイル,アウトバスオイル,ダメージ / ツヤ不足 / 乾燥 / 広がり / 熱ダメージ,100ml,Techno Huit,最高峰のツヤとなめらかさを求める方に。,ムータ最高峰のアウトバスオイル、ツヤと弾力のあるラグジュアリー仕上げ。,oggiotto-muta-oil
199,Oggi otto,アウトバス,セラムCMCミスト,アウトバスミルク,ダメージ / 乾燥 / ツヤ不足 / 広がり / 熱ダメージ,セラムCMC ミスト 200mL,テクノエイト,軽い使用感が好き、朝のスタイリング前のリフレッシュに。,軽やかな質感のCMCミスト、サラサラな仕上がりへ導く。,oggiotto-outbath-mist
200,Oggi otto,アウトバス,セラムCMCミルキィ,アウトバスミルク,ダメージ / 乾燥 / ツヤ不足 / 広がり / 熱ダメージ,セラムCMC ミルキィ 120g,テクノエイト,まとまりとしっとり感を求める方、乾燥が気になる髪に。,ケラチン×CMC補修のしっとりまとまるミルキィタイプ。,oggiotto-outbath-out
201,Oggi otto,アウトバス,アメージングケア オイル,アウトバスオイル,ダメージ / 乾燥 / ツヤ不足 / 広がり / 熱ダメージ,100ml,Techno Huit,最高品質のマルチユースオイルを求める方、ヘア&スキン両用に。,29種の天然オイルが髪と肌を同時に整える、Oggi otto最上位マルチオイル。,oggiotto-amazingoil
202,Oggi otto,アウトバス,エアウィップ,アウトバスムース,ダメージ / ボリューム不足 / ぺたんとする / 細毛 / 軟毛,150ml,Techno Huit,細毛・軟毛・トップのボリュームが欲しい方に。,補修しながらふんわりボリュームを作る、Oggi ottoの空気感ホイップ。,oggiotto-airwhip
203,Oggi otto,アウトバス,セラムCMCオイル,アウトバスオイル,ダメージ / 乾燥 / ツヤ不足 / 広がり / 熱ダメージ,セラムCMC オイル 100mL,テクノエイト,ツヤとなめらかさを求める方、ヒートプロテクトも欲しい方に。,ボタニカルオイルが髪表面を整え、ツヤとしなやかさを与えるアウトバスオイル。,oggiotto-outbath-oil
204,Oggi otto,アウトバス,ボタニカル リッチ オイルスプレー,アウトバスオイル,ダメージ / 乾燥 / ツヤ不足 / 広がり / 熱ダメージ,150ml,Techno Huit,ツヤとヒートプロテクトを求める方、全身使いの利便性が欲しい方に。,16種オイルをスプレーで全体に届ける、ボタニカルマルチオイル。,oggiotto-botanicaloilspray
205,Oggi otto,アウトバス,ボタニカル リッチ バーム,アウトバスバター,ダメージ / 乾燥 / ツヤ不足 / 広がり / 熱ダメージ,50g / 150g,Techno Huit,パーマヘア・カールスタイル・乾燥が顕著な毛先に。,パーマ・カール毛のための高保湿ボタニカルバーム。,oggiotto-botanicalbalm
206,Oggi otto,インプレッシブ,インプレッシブPPTセラム MS [モイスチャー],シャンプー,ダメージ / ツヤ不足 / 広がり / 乾燥 / 広がり,250ml / 700ml refill,Techno Huit,多毛・クセ毛・剛毛、パサつきや広がりが気になる方に。,多毛・クセ毛向けの保湿型PPTセラム、湿気にも負けないまとまりへ。,oggiotto-ppt-ms
207,Oggi otto,インプレッシブ,インプレッシブPPTセラム SS [スムース],シャンプー,ダメージ / ツヤ不足 / 絡まり / 細毛 / 軟毛,250ml / 700ml refill,Techno Huit,細毛・軟毛・普通毛、絡まりやすくぺたんとしやすい髪に。,細毛・軟毛向けの軽やかなインプレッシブPPTセラム、ハリのあるサラサラ髪へ。,oggiotto-ppt-ss
208,Oggi otto,インプレッシブ,インプレッシブPPTセラム VS [ボリューム],シャンプー,ダメージ / 細毛 / 軟毛 / ボリューム不足 / ぺたんとする,250ml / 700ml refill,Techno Huit,細毛・軟毛・薄毛、トップのボリュームが欲しい方に。,薄毛・細毛向けのボリューム型PPTセラム、ふんわりハリのある髪へ。,oggiotto-ppt-vs
209,Oggi otto,インプレッシブ,アイスミント エッセンス,トリートメント,ダメージ / 頭皮ベタつき / 頭皮敏感 / ツヤ不足 / 多重ブリーチ,200ml,Techno Huit,夏場の頭皮ベタつき、運動後のリフレッシュに。,ひんやりミントが頭皮を爽快に整える、季節のリフレッシュエッセンス。,oggiotto-icemint
210,Oggi otto,インプレッシブ,インプレッシブPPTセラムマスク MM [モイスチャー],マスク,ダメージ / ツヤ不足 / 広がり / 乾燥 / 広がり,180g / 700g refill,Techno Huit,多毛・クセ毛・剛毛のダメージ集中ケアに。,多毛・クセ毛向けの保湿型PPTセラムマスク。,oggiotto-ppt-mask-mm
211,Oggi otto,インプレッシブ,インプレッシブPPTセラムマスク SM [スムース],マスク,ダメージ / ツヤ不足 / 絡まり / 細毛 / 軟毛,180g / 700g refill,Techno Huit,細毛・軟毛・普通毛のダメージ集中ケアに。,細毛・軟毛向けの軽やかPPTセラムマスク。,oggiotto-ppt-mask-sm
212,Oggi otto,スキャルプ,スキャルプシャンプー,シャンプー,薄毛抜け毛 / 細毛 / 頭皮乾燥 / 頭皮敏感 / ボリューム不足,スキャルプシャンプー 250mL,テクノエイト,抜け毛・薄毛・頭皮トラブルが気になる方、エイジングケアを始めたい方に。,スカルプ専用処方で頭皮環境を整え、ハリコシのある自然なボリュームを与えるシャンプー。,oggiotto-scalp-sh
213,Oggi otto,スキャルプ,アロマスキャルプエッセンス [カルム],スカルプエッセンス,薄毛抜け毛 / 細毛 / 頭皮乾燥 / 頭皮敏感 / ボリューム不足,60ml,Techno Huit,頭皮の酸化ストレス・エイジングケアを始めたい方に。,フラーレン×白金×SODが頭皮の酸化ストレスから守る、エイジングスカルプセラム。,oggiotto-aroma-calm
214,Oggi otto,スキャルプ,アロマスキャルプエッセンス [ヴィータ],スカルプエッセンス,薄毛抜け毛 / 細毛 / 頭皮乾燥 / 頭皮敏感 / ボリューム不足,60ml,Techno Huit,抜け毛・薄毛・髪密度低下が気になる方の集中スカルプセラムケアに。,キャピキシル配合で薄毛抜け毛に集中アプローチする、Oggi ottoの育毛サポートセラム。,oggiotto-aroma-vita
215,Oggi otto,スキャルプ,スキャルプエッセンス,スカルプエッセンス,薄毛抜け毛 / 細毛 / 頭皮乾燥 / 頭皮敏感 / ボリューム不足,スキャルプエッセンス 100mL,テクノエイト,抜け毛・薄毛・髪の弾力低下が気になる方に。,頭皮を整え、ハリのある髪の土台を作るデイリースカルプセラム。,oggiotto-scalp-essence
216,Oggi otto,セラム,セラムCMCシャンプー,シャンプー,ダメージ / 乾燥 / ツヤ不足 / 枝毛 / カラー褪色,セラムCMC シャンプー 250mL,テクノエイト,日常的にダメージケアを行いたい全ての方に。,「美容液で洗う」発想のPPT・CMC補修シャンプー、髪質を選ばないベーシック。,oggiotto-serum-sh
217,Oggi otto,セラム,セラムCMCマスク,トリートメント,ダメージ / 乾燥 / ツヤ不足 / 枝毛 / カラー褪色,セラムCMC マスク 220g,テクノエイト,ダメージ毛の集中ケア、日常使いのトリートメントに。,PPT・CMC補修処方が髪を芯から立て直す、Oggi ottoの基本マスク。,oggiotto-serum-tr
218,Davines,SU,SU ヘア アンド ボディウォッシュ,シャンプー,ダメージ / 紫外線ダメージ / 乾燥 / カラー褪色 / ツヤ不足,250mL,コンフォートジャパン,「アウトドアでも髪と肌をやさしく洗いたい」方。,髪と肌の両方に使えるマルチウォッシュ。紫外線などの外的ダメージから髪をいたわります。,davines-su-shower
219,Davines,エッセンシャル ソル,エッセンシャル ソル シャンプー,シャンプー,頭皮ベタつき / 蓄積汚れ / 頭皮ニオイ / フケ / 頭皮敏感,250ml / 1000ml,Davines,頭皮のベタつき・ビルドアップが気になる時、運動後のリフレッシュに。,すっきり洗い上げる、Davinesのリフレッシングクリアシャンプー。,davines-solu-sh
220,Davines,エッセンシャル デデ,エッセンシャル デデ シャンプー,シャンプー,頭皮敏感 / 頭皮乾燥 / 乾燥 / ダメージ / ツヤ不足,250ml / 1000ml,Davines,敏感肌・頭皮が弱い方のデイリーケアに。,敏感な頭皮と髪をやさしく洗う、Davinesのデイリーマイルドシャンプー。,davines-dede-sh
221,Davines,エッセンシャル デデ,エッセンシャル デデ コンディショナー,トリートメント,頭皮敏感 / 頭皮乾燥 / 乾燥 / ダメージ / ツヤ不足,250ml / 1000ml,Davines,敏感肌、軽い使用感が好きな方のデイリーケアに。,敏感な髪・頭皮に寄り添うデイリーマイルドコンディショナー。,davines-dede-co
222,Davines,エッセンシャル ヌヌ,エッセンシャル ヌヌ シャンプー,シャンプー,多重ブリーチ / ダメージ / 切れ毛 / 弾力不足 / ブリーチダメージ,250ml / 1000ml,Davines,ブリーチ・縮毛矯正・連続施術によるハイダメージ毛に。,Davinesエッセンシャル最強のダメージケアシャンプー、芯から立て直す。,davines-nounou-sh
223,Davines,エッセンシャル ヌヌ,エッセンシャル ヌヌ コンディショナー,トリートメント,多重ブリーチ / ダメージ / 切れ毛 / 弾力不足 / ブリーチダメージ,250ml / 1000ml,Davines,ブリーチ・ハイダメージ毛のデイリーリペアに。,ハイダメージ毛のためのDavines最濃補修コンディショナー。,davines-nounou-co
224,Davines,エッセンシャル ミヌ,エッセンシャル ミヌ シャンプー,シャンプー,カラー褪色 / ダメージ / ツヤ不足 / 多重ブリーチ / 乾燥,250mL,コンフォートジャパン,カラー後の色持ちと髪のコンディションを保ちたい方に。,カラーの美しさを長く守る、ボタニカル カラーケアシャンプー。,davines-minu-sh
225,Davines,エッセンシャル ミヌ,エッセンシャル ミヌ コンディショナー,トリートメント,カラー褪色 / ダメージ / ツヤ不足 / 多重ブリーチ / 乾燥,250mL,コンフォートジャパン,カラー後のデイリーケア、色持ちと質感の両立に。,カラーの輝きを守りながら、なめらかさを与えるボタニカルコンディショナー。,davines-minu-co
226,Davines,エッセンシャル メル,エッセンシャル メル シャンプー,シャンプー,ダメージ / 絡まり / 枝毛 / 切れ毛 / ツヤ不足,250mL,コンフォートジャパン,ロングヘア・ダメージで絡まりやすい髪、ハイトーン後のケアに。,ロングダメージ毛のためのボタニカルリペアシャンプー。,davines-melu-sh
227,Davines,エッセンシャル メル,エッセンシャル メル コンディショナー,トリートメント,ダメージ / 絡まり / 枝毛 / 切れ毛 / ツヤ不足,250mL,コンフォートジャパン,ロングダメージ・絡まり・パサつきが気になる方に。,ロング・ダメージ毛のなめらかさを引き出すボタニカル補修コンディショナー。,davines-melu-co
228,Davines,エッセンシャル モモ,エッセンシャル モモ シャンプー,シャンプー,乾燥 / ツヤ不足 / 絡まり / 広がり / ダメージ,250mL / 1000mL,コンフォートジャパン,乾燥が気になる髪、しっとり潤しながらも軽い仕上がりを求める方に。,シチリアの太陽が育てたモモの保湿成分が、乾いた髪を芯から潤すボタニカルシャンプー。,davines-momo-sh
229,Davines,エッセンシャル モモ,エッセンシャル モモ コンディショナー,トリートメント,乾燥 / ツヤ不足 / 絡まり / 広がり / ダメージ,250mL,コンフォートジャパン,乾燥毛・絡まりやすい髪のデイリーケアに。,モモエキスの潤いがなめらかな指通りを引き出す、ボタニカルコンディショナー。,davines-momo-co
230,Davines,エッセンシャル ラブ,エッセンシャル ラブ シャンプー,シャンプー,うねり/くせ / 広がり / 広がり / 湿気 / 扱いにくさ,250mL / 500mL / 1000mL,コンフォートジャパン,くせ毛・広がり・湿気でうねる髪のスムージングケアに。,オリーブエキスが広がりを抑え、なめらかなまとまりへ導くシャンプー。,davines-love-sh
231,Davines,エッセンシャル ラブ,エッセンシャル ラブ コンディショナー,トリートメント,うねり/くせ / 広がり / 広がり / 湿気 / 扱いにくさ,250mL,コンフォートジャパン,くせ毛・剛毛・湿気にうねる髪のまとまりケアに。,うねりと広がりを整えるボタニカルスムージングコンディショナー。,davines-love-co
232,Davines,エッセンシャル ヴォル,エッセンシャル ヴォル シャンプー,シャンプー,ボリューム不足 / ぺたんとする / 細毛 / 軟毛 / ハリコシ不足,250mL,コンフォートジャパン,細毛・軟毛・ぺたんとしやすい髪にボリュームと軽さを求める方に。,ボタニカル処方が細毛にハリと軽やかなボリュームを与えるシャンプー。,davines-volu-sh
233,Davines,エッセンシャル ヴォル,エッセンシャル ヴォル コンディショナー,トリートメント,ボリューム不足 / ぺたんとする / 細毛 / 軟毛 / ハリコシ不足,250mL,コンフォートジャパン,細毛・ボリュームレスの髪のデイリーケアに。,細毛のハリ・コシを引き出す、軽やかなボリュームコンディショナー。,davines-volu-co
234,Davines,オイ,オイ シャンプー,シャンプー,ツヤ不足 / 乾燥 / ダメージ / 広がり / 多重ブリーチ,280mL,コンフォートジャパン,すべての髪質、上質なツヤとなめらかさを求める方に。,ロウクトンノキ実油がすべての髪質に絶対的な美しさを与える、Davinesアイコンシャンプー。,davines-oi-sh
235,Davines,オイ,オイ コンディショナー,トリートメント,ツヤ不足 / 乾燥 / ダメージ / 広がり / 多重ブリーチ,250mL,コンフォートジャパン,すべての髪質、ツヤとなめらかさを求める方の日常ケアに。,ボタニカルな絶対美容処方が、すべての髪質にツヤとまとまりを与えるコンディショナー。,davines-oi-co
236,Davines,オイ,オイ オイル,アウトバスオイル,ツヤ不足 / 乾燥 / ダメージ / 広がり / 多重ブリーチ,135mL / 50mL,コンフォートジャパン,すべての髪質、ツヤとまとまりを瞬時に与えたい時に。,すべての髪質に上質な輝きを与える、Davinesアイコニックオイル。,davines-oi-oil
237,Davines,オイ,オイ オールインワン ミルク,アウトバスミルク,ツヤ不足 / 乾燥 / ダメージ / 広がり / 熱ダメージ,135ml,Davines,一本で全方位ケアしたい方、忙しい朝の時短ケアに。,すべての効果を1本に。OIアイコンの万能オールインワンミルク。,davines-oi-allinonemilk
238,Davines,オイ,オイ ハイ ロングラスティング ヘアバター,アウトバスバター,ツヤ不足 / 乾燥 / ダメージ / 広がり / 湿気,75ml,Davines,ハイダメージ・剛毛・乾燥が顕著な髪の集中ケアに。,OIの濃厚ヘアバターが、ダメージ毛に持続するなめらかさを与える。,davines-oi-hairbutter
239,Davines,オイ,オイ ボリュマイジング スフレ,アウトバスムース,ツヤ不足 / ボリューム不足 / ぺたんとする / 細毛 / 軟毛,150ml,Davines,細毛・ぺたんとしやすい髪、ふんわりボリュームが欲しい方に。,OIの軽やかなボリュームスフレ、細毛に上質なふくらみを。,davines-oi-souffle
240,Davines,オーセンティック,オーセンティック オイル,アウトバスオイル,乾燥 / ダメージ / ツヤ不足 / 広がり / 湿気,140ml,Davines,自然派志向、ヘア・スキン両用で使いたい方に。,自然由来のオーガニック処方で髪と肌を同時に整える、マルチユースオイル。,davines-authentic-oil
241,Davines,オーセンティック,オーセンティック ネクター,アウトバスクリーム,乾燥 / ダメージ / ツヤ不足 / 広がり / 湿気,140ml,Davines,濃厚保湿を求める方、髪と肌のマルチケアに。,髪と肌の濃厚保湿を叶える、オーガニックネクタークリーム。,davines-authentic-nectar
242,Davines,ナチュラルテック エナジャイジング,ナチュラルテック エナジャイジング シャンプー,シャンプー,薄毛抜け毛 / 細毛 / ボリューム不足 / 軟毛 / 頭皮乾燥,250ml / 1000ml,Davines,薄毛・抜け毛・髪密度低下が気になる方のスカルプケアに。,弱った髪と頭皮に活力を与える、ナチュラルテックのエナジャイジングシャンプー。,davines-naturaltech-energizing-sh
243,Davines,ナチュラルテック エナジャイジング,ナチュラルテック エナジャイジング スーパーアクティブ,スカルプエッセンス,薄毛抜け毛 / 細毛 / ボリューム不足 / 軟毛 / 頭皮乾燥,8ml×6vials / 100ml,Davines,薄毛・抜け毛が気になる方の集中スカルプセラムケアに。,薄毛抜け毛に集中アプローチする、Davinesのスカルプエッセンス。,davines-naturaltech-energizing-lotion
244,Davines,ナチュラルテック カーミング,ナチュラルテック カーミング シャンプー,シャンプー,頭皮敏感 / 頭皮乾燥 / フケ / 乾燥 / ダメージ,250ml / 1000ml,Davines,頭皮の敏感さ・かゆみ・赤みが気になる方に。,敏感な頭皮を鎮静し整える、ナチュラルテックのカーミングシャンプー。,davines-naturaltech-calming-sh
245,Davines,ナチュラルテック ノーリッシング,ナチュラルテック ノーリッシング シャンプー,シャンプー,頭皮乾燥 / 乾燥 / ダメージ / ツヤ不足 / 広がり,250ml / 1000ml,Davines,頭皮の乾燥・かゆみ・髪のパサつきが気になる方に。,頭皮と髪を同時に潤す、ナチュラルテックの保湿シャンプー。,davines-naturaltech-nourishing-sh
246,Davines,ナチュラルテック ピュリファイング,ナチュラルテック ピュリファイング シャンプー,シャンプー,頭皮ベタつき / フケ / 蓄積汚れ / 頭皮ニオイ / 頭皮敏感,250ml / 1000ml,Davines,フケ・かゆみ・頭皮のニオイが気になる方に。,頭皮のトラブルを根本からケアする、ピュリファイングシャンプー。,davines-naturaltech-purifying-sh
247,Davines,ナチュラルテック リバランシング,ナチュラルテック リバランシング シャンプー,シャンプー,頭皮ベタつき / 蓄積汚れ / 頭皮ニオイ / フケ / 頭皮敏感,250ml / 1000ml,Davines,頭皮がベタつきやすい、夕方にはペタっとする方に。,皮脂分泌を整え頭皮をクリアに保つ、リバランシングシャンプー。,davines-naturaltech-rebalancing-sh
248,Davines,ハートオブグラス,ハートオブグラス シルケニング シャンプー,シャンプー,多重ブリーチ / 黄ばみ / ブリーチダメージ / カラー褪色 / ダメージ,250ml,Davines,ブロンド・ハイトーン・ハイライト施術後のトーン維持に。,ブロンド・ハイトーン毛のための、透明感シルケニングシャンプー。,davines-heartofglass-sh
249,Davines,ハートオブグラス,ハートオブグラス シーリング シャインドロップス,アウトバスオイル,多重ブリーチ / ブリーチダメージ / ダメージ / ツヤ不足 / 広がり,50ml,Davines,ブロンド・ハイトーン毛の輝きと保護を求める方に。,ブロンド毛にガラスのようなツヤを与える、シーリングシャインドロップ。,davines-heartofglass-sealingdrops
250,Davines,モアインサイド,モアインサイド ディファイニング フルイド (フィオナ),スタイリング,うねり/くせ / 広がり / カール表現 / 湿気 / 広がり,250ml,Davines,パーマヘア・くせ毛・ウェーブを活かしたいスタイルに。,くせ毛・パーマのカール感を美しく引き出すボタニカルスタイリングフルイド。,davines-moreinside-fiona
251,SEE/SAW,B,SEE/SAW ヘア&スキャルプシャンプー B,シャンプー,乾燥 / ダメージ / ツヤ不足 / カラー褪色 / 広がり,250mL / 500mL,アリミノ,普通毛〜やや太め、ツヤとやわらかさを両立したい方に。,髪と頭皮をバランスよく整え、しなやかな指通りとツヤを引き出すスタンダード処方。,seesaw-balance-sh
252,SEE/SAW,B,SEE/SAW ヘアトリートメント B,トリートメント,乾燥 / ダメージ / ツヤ不足 / カラー褪色 / 広がり,250g / 500g,アリミノ,普通毛〜やや太め、毛先のまとまりと指通りを求める方に。,髪の芯から潤い、しなやかでまとまる、バランス型トリートメント。,seesaw-balance-tr
253,SEE/SAW,S,SEE/SAW ヘア&スキャルプシャンプー S,シャンプー,絡まり / 細毛 / 軟毛 / ボリューム不足 / ぺたんとする,250mL / 500mL,アリミノ,細毛・軟毛・絡まりやすい方、ぺたんとしやすい髪に。,細毛のためのエアリーシャンプー。根元の立ち上がりと絡まり改善を両立。,seesaw-smooth-sh
254,SEE/SAW,S,SEE/SAW ヘアトリートメント S,トリートメント,絡まり / 細毛 / 軟毛 / ボリューム不足 / ぺたんとする,250g / 500g,アリミノ,細毛・軟毛で絡まりやすい、重さを残したくない方に。,軽さと潤いを両立する、細毛のためのトリートメント。,seesaw-smooth-tr
255,SEE/SAW,T,SEE/SAW ヘア&スキャルプシャンプー T,シャンプー,広がり / 湿気 / 広がり / 剛毛 / 扱いにくさ,250mL / 500mL,アリミノ,硬毛・剛毛・広がりやすいくせ毛、湿気でうねる方に。,広がる硬毛をきゅっと引き締める、タイトシルエットのためのシャンプー。,seesaw-tight-sh
256,SEE/SAW,T,SEE/SAW ヘアトリートメント T,トリートメント,広がり / 湿気 / 広がり / 剛毛 / 扱いにくさ,250g / 500g,アリミノ,硬毛・くせ毛・広がりが気になる方の集中ケアに。,広がる髪を内側から整え、湿気に負けないまとまりとツヤへ。,seesaw-tight-tr
257,SEE/SAW,ヘアメイク,SEE/SAW クリアオイル シャープ,アウトバスオイル,ツヤ不足 / 広がり / 乾燥 / ダメージ / 熱ダメージ,クリアオイル シャープ 80mL,アリミノ,抜け感のある動きのあるスタイル、軽い仕上がりが好きな方に。,束感と動きを引き出す、軽やかなヘアメイクオイル。,seesaw-hairmake-oil
258,SEE/SAW,ヘアメイク,SEE/SAW クリアオイル フラット,アウトバスオイル,広がり / 乾燥 / ダメージ / 湿気 / まとまり不足,クリアオイル フラット 80mL,アリミノ,広がりやすい髪、ストレート・ボブ・まとめ髪を美しく見せたい方に。,なめらかなまとまりと整ったツヤを与える、フラットスタイル用オイル。,seesaw-hairmake-oil-2
259,SEE/SAW,ヘアメイク,SEE/SAW ヘアメイクバーム,スタイリング,ツヤ不足 / 広がり / 乾燥 / ダメージ / 熱ダメージ,ヘアメイクバーム 35g,アリミノ,スタイリングで束感やツヤをプラスしたい方に。,仕上げの質感を自在に操る、ヘアメイク発想のバーム。,seesaw-hairmake-balm
260,SEE/SAW,ヘアメイク,SEE/SAW クリアミルク ナチュラル,アウトバスミルク,ツヤ不足 / 広がり / 乾燥 / ダメージ / 熱ダメージ,100ml,Lebel,ナチュラルな仕上がりとうるおいを両立したい方、デイリーケアに。,みずみずしさとなめらかさを与える、SEE/SAWの定番ミルクトリートメント。,seesaw-hairmake-milk
261,HITA,ヒタ,ヒタ シャンプー,シャンプー,うねり/くせ / 広がり / 広がり / 扱いにくさ / 湿気,250mL,ルベル / タカラベルモント,うねり・広がりが気になるくせ毛、湿気で扱いにくくなる髪、毎日のシルキー仕上げを求める方に。,シルクの手触りに導く、くせ毛のための濃密泡シャンプー。湿気にも揺るがないまとまりを叶える。,hita-hita-sh
262,HITA,ヒタ,ヒタ トリートメント,トリートメント,うねり/くせ / 広がり / 広がり / 扱いにくさ / 湿気,250g,ルベル / タカラベルモント,くせ毛・うねり・広がりが気になる髪、しっとりまとまる質感を求める方に。,うねるくせ毛が、シルクの手触りに変わる。毛先まで揺るがない、ヒタの定番トリートメント。,hita-hita-tr
263,HITA,ヒタ,ヒタ オイル,アウトバスオイル,うねり/くせ / 広がり / 広がり / 湿気 / まとまり不足,100mL,ルベル / タカラベルモント,ブロー・アイロン前のヒートケア、くせ毛・うねり・広がり改善に。,熱に反応してキューティクルが整う。ブロー前のひと吹きで、くせ毛が一日中まとまるヒタの魔法オイル。,hita-oil-oil
264,HITA,ヒタ AP,ヒタ アクティブプレックスマスク,マスク,うねり/くせ / ダメージ / 広がり / 弾力不足 / 広がり,200g,ルベル / タカラベルモント,くせ毛×ダメージ複合、縮毛矯正・カラー後の質感立て直しに。,くせ毛とダメージの両方に効く、ヒタの最強集中マスク。アクティブプレックスでサロン後の質感を芯から続ける。,hita-hita-mask
265,レブリ,レブリ,ハホニコ レブリ シャンプーα,シャンプー,ダメージ / 枝毛 / ツヤ不足 / 広がり / 広がり,295ml / 1000ml,HAHONICO,広がり・パサつき・うねりを根本から改善したい方、髪質改善志向の方に。,レブリン酸で髪質改善を叶える、ハホニコのフラッグシップシャンプー。,hahonico-levuli-sh
266,レブリ,レブリ,ハホニコ レブリ アウター ヘアトリートメント,トリートメント,ダメージ / ツヤ不足 / 多重ブリーチ / 枝毛 / 広がり,200g,HAHONICO,髪表面のキューティクルを整え、ツヤと指通りを与えたい方に。,キューティクルを密封し、ツヤと指通りを引き出すアウタートリートメント。,hahonico-levuli-outer
267,レブリ,レブリ,ハホニコ レブリ インナー ヘアトリートメント,トリートメント,ダメージ / 多重ブリーチ / 切れ毛 / 枝毛 / 弾力不足,200g,HAHONICO,ハイダメージ毛・ハリコシを失った髪の集中インナーケアに。,ハイダメージ毛の内部補修に特化したレブリインナートリートメント。,hahonico-levuli-inner
268,レブリ,レブリ,ハホニコ レブリ トリートメントα,トリートメント,ダメージ / 枝毛 / ツヤ不足 / 広がり / 広がり,225g / 1000g,HAHONICO,髪質改善を目指す方のホームケアトリートメントに。,真珠のような艶を引き出す、レブリン酸髪質改善トリートメント。,hahonico-levuli-tr
269,レブリ,レブリ,ハホニコ レブリ ヘアーローションα,アウトバスミスト,ダメージ / ツヤ不足 / 広がり / 乾燥 / 絡まり,150ml,HAHONICO,タオルドライ後のリーブインケアとして、髪質改善を継続したい方に。,レブリン酸が髪を整える、洗い流さないヘアローション。,hahonico-levuli-lotion
270,レブリ,レブリ,ハホニコ レブリ シルキー ブースターB,ブースター,ダメージ / ツヤ不足 / 多重ブリーチ / 広がり / ブリーチダメージ,100ml,HAHONICO,なめらかなツヤ・指通りを引き出したい方、ハイダメージ毛のケアに。,シルクのような輝きを引き出す、トリートメントブースター。,hahonico-levuli-silky
271,レブリ,レブリ,ハホニコ レブリ ベルベット ブースターA,ブースター,ダメージ / ツヤ不足 / 多重ブリーチ / 切れ毛 / 枝毛,100ml,HAHONICO,ダメージ毛の集中ケアを始める方、トリートメント効果を最大化したい方に。,トリートメントの浸透を高め、ベルベットの質感へ導くブースター。,hahonico-levuli-velvet
272,キラメラメ,キラメラメ,キラメラメ トリートメント,トリートメント,ダメージ / 乾燥 / ツヤ不足 / 広がり / 多重ブリーチ,トロ・ムル・キラ セット 60g×3,ハホニコ,「サロン帰りの手触りとツヤを家でも続けたい」方。,集中補修発想の処方が、ツヤと手触りを整え、サロン仕上がりに近づけます。,hahonico-ramerame-tr
273,CARENESS,ジュエル,ジュエル シャンプー サファイア,シャンプー,広がり / 湿気 / 広がり / うねり/くせ / まとまり不足,300ml,CARENESS,くせ毛・うねり・広がりが気になる方のスムージングシャンプーに。,ウェーブキャンセラー処方でうねりをほどく、サファイアの輝きシャンプー。,careness-jewel-sapphire-sh
274,CARENESS,ジュエル,ジュエル シャンプー ルビー,シャンプー,ダメージ / ツヤ不足 / 枝毛 / 乾燥 / カラー褪色,300ml,CARENESS,ダメージ毛・カラー後のしっとり保湿系シャンプーを求める方に。,シルクアミノ酸×セラミドの濃厚補修、ルビーの輝きを纏うプレミアムシャンプー。,careness-jewel-ruby-sh
275,CARENESS,ジュエル,ジュエル トリートメント サファイア,トリートメント,広がり / うねり/くせ / 広がり / まとまり不足 / 湿気,400ml,CARENESS,くせ毛・うねりを整えながらツヤを求める方に。,うねりを整え、なめらかなまとまりへ導くサファイアのトリートメント。,careness-jewel-sapphire-tr
276,CARENESS,ジュエル,ジュエル トリートメント ルビー,トリートメント,ダメージ / ツヤ不足 / 枝毛 / 乾燥 / カラー褪色,400ml,CARENESS,ダメージ毛のしっとりまとまる質感を求める方に。,ルビーの香りに包まれる、しっとり濃厚補修トリートメント。,careness-jewel-ruby-tr
277,CARENESS,ジュエル,ジュエル ストレートミルク サファイア,アウトバスミルク,広がり / 湿気 / 広がり / うねり/くせ / 扱いにくさ,120ml,CARENESS,くせ毛・うねりをまとめてストレートに整えたい方に。,うねりを抑えサラサラまとまる、サファイアのストレートミルク。,careness-jewel-sapphire-milk
278,CARENESS,ジュエル,ジュエル ストレートミルク ルビー,アウトバスミルク,ダメージ / ツヤ不足 / 広がり / 乾燥 / 熱ダメージ,120ml,CARENESS,ダメージ毛のしっとりまとまるリーブインケアに。,シルク×セラミドのリーブインミルク、ルビーの輝きを毎日に。,careness-jewel-ruby-milk
279,CARENESS,ジュエル,ジュエル ブーストミスト,ブースター,ダメージ / ツヤ不足 / 枝毛 / 広がり / 乾燥,120ml,CARENESS,トリートメント効果を高めたい方、髪内部に水分を補給したい方に。,髪の導入美容液、シナヤカな質感へ導くブーストミスト。,careness-jewel-boostmist
280,つるりんちょ。,つるりんちょ。,つるりんちょ。シャンプー,シャンプー,うねり/くせ / ダメージ / 広がり / 広がり / 扱いにくさ,250mL,髪にドラマを。,縮毛矯正・髪質改善後の専用ケア、つるんとした質感を求めるくせ毛・うねり毛の方に。,"縮毛矯正後の ""つるんっ"" を毎日に。サロン帰りのまとまりを守る、髪質改善専門店生まれのシャンプー。",drama-tsurun-sh-sh
281,つるりんちょ。,つるりんちょ。,つるりんちょ。ブースター,シャンプー,ダメージ / 蓄積汚れ / 頭皮ベタつき / カラー褪色 / まとまり不足,50mL,髪にドラマを。,ヘアケアの効果をワンランク上げたい方、頭皮・髪の不純物が気になる時に。,"ヘアケアの効果を引き上げる、週2回のリセットスイッチ。蓄積汚れを流して、毎日の ""つるん"" を取り戻す。",drama-tsurun-booster-sh
282,つるりんちょ。,つるりんちょ。,つるりんちょ。トリートメント,トリートメント,うねり/くせ / ダメージ / 広がり / 弾力不足 / ツヤ不足,250g,髪にドラマを。,縮毛矯正・カラー・熱処理後のケア、ハリコシ・ツヤを取り戻したい方に。,レブリン酸で芯から強く、しなやかに。ハリ・ツヤ不足の髪を立て直す、髪ドラの濃密リペアトリートメント。,drama-tsurun-tr-tr
283,つるりんちょ。,つるりんちょ。,つるりんちょ。トリートメント SARARITO,トリートメント,ダメージ / ツヤ不足 / 枝毛 / 細毛 / 軟毛,250g,髪にドラマを。,細毛・軟毛・絡まりやすい髪、軽いさらさら仕上がりを求める方に。,細毛にも、つるりんを。軽さとリペア感を両立した、SARARITOの軟毛向けトリートメント。,drama-tsurun-sararito-tr
284,いるかのせなか。,いるかのせなか。,いるかのせなか。CMCミルク,アウトバスミルク,ダメージ / 乾燥 / 熱ダメージ / ツヤ不足 / 広がり,120ml,NUMBER THREE,乾燥・パサつき・絡まりが気になる方、いるかのせなか。フルライン使いに。,水分量を増やす、毛先のためのCMCケア。芯から潤して、まとまりが続く中間ステップの主役。,drama-iruka-cmcmilk
285,いるかのせなか。,いるかのせなか。,いるかのせなか。フォーム,アウトバスムース,ダメージ / ボリューム不足 / ぺたんとする / 細毛 / 軟毛,150g,NUMBER THREE,細毛・軟毛のハリコシ不足、トップのボリュームが欲しい方に。,アミノ酸補給で芯から動く髪へ。ぺたんとしがちな細毛に、軽やかなハリを取り戻す泡フォーム。,drama-iruka-foam
286,いるかのせなか。,いるかのせなか。,いるかのせなか。ミスト,アウトバスミスト,ダメージ / 乾燥 / 熱ダメージ / ツヤ不足 / 絡まり,ミスト/ベースケア 200mL,髪にドラマを。,ベースケアの第一歩、絡まり・乾燥対策に。,水と油のバランスを整える、最初のひと吹き。タオルドライ後にひと押しで、その後のケアが効きやすくなる導入ミスト。,drama-iruka-mist
287,いるかのせなか。,いるかのせなか。,いるかのせなか。ヘアオイル,アウトバスオイル,ダメージ / 乾燥 / 熱ダメージ / ツヤ不足 / 広がり,ヘアオイル 100mL,髪にドラマを。,ブロー・アイロン前のヒートケア、まとまりとツヤを求める方に。,熱に反応するから、ドライ前に味方になる。髪の水分を閉じ込めて毛先まで揺るがない、いるかのせなか。の決め手。,drama-iruka-oil
288,LOA,LOA THE OIL,LOA THE OIL,アウトバスオイル,ダメージ,100mL,LOA,「サロン帰りのような上質な仕上げを毎日続けたい」方。,髪・肌・全身に使えるマルチオイル。毛先になじませることで上質なツヤと指通りを与えます。,loa-core-oil
289,LOA,ザ パフューム,LOA THE PERFUME UV SPRAY,アウトバスミスト,紫外線ダメージ / カラー褪色 / 熱ダメージ / ダメージ / ツヤ不足,80g,MIRAVIS,外出が多い方、日常の紫外線ケア、香りでムードを変えたい方に。,紫外線対策が、香りの儀式になる。SPF50+ PA++++の高UVカットを上質な香りに変える、LOAのパフュームUVスプレー。,loa-uvspray
