brand	category	name	imageUrl	id
HITA	shampoo	ヒタ シャンプー	data/products/images/ヒタシャンプー_400ml.png	hita-hita-sh
HITA	treatment	ヒタ トリートメント	data/products/images/ヒタトリートメント_400ml.png	hita-hita-tr
HITA	outbath-oil	ヒタ オイル	data/products/images/ヒタオイル_90ml.png	hita-oil-oil
LOA	out-bath-oil	LOA THE OIL	data/products/images/LOA_THE_OIL_Blanche.jpg	loa-core-oil
SEE/SAW	shampoo	SEE/SAW ヘア&スキャルプシャンプー B	data/products/images/SEE_SAW_ヘア&スキャルプシャンプーB_250ml.jpg	seesaw-balance-sh
SEE/SAW	shampoo	SEE/SAW ヘア&スキャルプシャンプー S	data/products/images/SEE_SAW_ヘア&スキャルプシャンプーB_250ml.jpg	seesaw-smooth-sh
SEE/SAW	shampoo	SEE/SAW ヘア&スキャルプシャンプー T	data/products/images/SEE_SAW_ヘア&スキャルプシャンプーT_250ml.jpg	seesaw-tight-sh
SEE/SAW	treatment	SEE/SAW ヘアトリートメント B	data/products/images/SEE_SAW_ヘアトリートメントB_200ml.jpg	seesaw-balance-tr
SEE/SAW	treatment	SEE/SAW ヘアトリートメント S	data/products/images/SEE_SAW_ヘアトリートメントB_200ml.jpg	seesaw-smooth-tr
SEE/SAW	treatment	SEE/SAW ヘアトリートメント T	data/products/images/SEE_SAW_ヘアトリートメントT_200ml.jpg	seesaw-tight-tr
SEE/SAW	out-bath-oil	SEE/SAW クリアオイル シャープ	data/products/images/SEE_SAW_ヘアメイクオイル_20ml.jpg	seesaw-hairmake-oil
SEE/SAW	out-bath-oil	SEE/SAW クリアオイル フラット	data/products/images/SEE_SAW_ヘアメイクオイル_20ml.jpg	seesaw-hairmake-oil-2
SEE/SAW	styling	SEE/SAW ヘアメイクバーム	data/products/images/SEE_SAW_ヘアメイクバーム_15g.jpg	seesaw-hairmake-balm
TOKIO INKARAMI	shampoo	TOKIO IE INKARAMI HEAD SPA シャンプー	data/products/images/IE_インカラミ_ヘッドスパ_シャンプー_400ml.jpg	tokio-headspa-sh
TOKIO INKARAMI	shampoo	TOKIO IE INKARAMI LIMITED シャンプー	data/products/images/IE_インカラミ_プラチナム_リミテッド_シャンプー_400ml.jpg	tokio-limited-sh
TOKIO INKARAMI	shampoo	TOKIO IE INKARAMI PLATINUM シャンプー	data/products/images/IE_インカラミ_プラチナム_シャンプー_400ml.jpg	tokio-platinum-sh
TOKIO INKARAMI	shampoo	TOKIO IE INKARAMI PREMIUM シャンプー	data/products/images/IE_インカラミ_プレミアム_シャンプー_400ml.jpg	tokio-premium-sh
TOKIO INKARAMI	treatment	TOKIO IE INKARAMI HEAD SPA トリートメント	data/products/images/IE_インカラミ_ヘッドスパ_トリートメント_400g.jpg	tokio-headspa-tr
TOKIO INKARAMI	treatment	TOKIO IE INKARAMI LIMITED トリートメント	data/products/images/IE_インカラミ_プラチナム_リミテッド_トリートメント_400g.jpg	tokio-limited-tr
TOKIO INKARAMI	treatment	TOKIO IE INKARAMI PLATINUM トリートメント	data/products/images/IE_インカラミ_プラチナム_トリートメント_400g.jpg	tokio-platinum-tr
TOKIO INKARAMI	treatment	TOKIO IE INKARAMI PREMIUM トリートメント	data/products/images/IE_インカラミ_プレミアム_トリートメント_400g.jpg	tokio-premium-tr
TOKIO INKARAMI	out-bath-milk	TOKIO IE INKARAMI LIMITED アウトバス	data/products/images/IE_インカラミ_プラチナム_リミテッド_シャンプー_400ml.jpg	tokio-limited-out
TOKIO INKARAMI	out-bath-oil	TOKIO IE OUTKARAMI オイルトリートメント	data/products/images/TOKIO_IE_OUTKARAMI_Oil_Treatment.png	tokio-outkarami-oil
TOKIO INKARAMI	out-bath-oil	TOKIO IE OUTKARAMI プラチナムオイルトリートメント	data/products/images/TOKIO_IE_OUTKARAMI_Platinum_Oil_Treatment.jpg	tokio-outkarami-oil-2
Elujuda	out-bath-milk	エルジューダ FO	data/products/images/エルジューダ_エクストラリペア_セラム_120ml.png	elujuda-fo-out
Elujuda	out-bath-milk	エルジューダ MO	data/products/images/エルジューダ_エクストラリペア_セラム_120ml.png	elujuda-fo-out-2
Elujuda	out-bath-milk	エルジューダ エマルジョン	data/products/images/エルジューダ_フリッズフィクサー_エマルジョン_120ml.jpg	elujuda-emulsion-out
Elujuda	out-bath-milk	エルジューダ エマルジョン+	data/products/images/エルジューダ_フリッズフィクサー_エマルジョン_120ml.jpg	elujuda-emulsion-out-2
Elujuda	out-bath-milk	エルジューダ グレイスオン エマルジョン	data/products/images/エルジューダ_フリッズフィクサー_エマルジョン_120ml.jpg	elujuda-graceon-out
Elujuda	out-bath-milk	エルジューダ グレイスオン セラム	data/products/images/エルジューダ_エクストラリペア_セラム_120ml.png	elujuda-graceon-out-2
Elujuda	out-bath-milk	エルジューダ フリッズフィクサー エマルジョン	data/products/images/エルジューダ_フリッズフィクサー_エマルジョン_120ml.jpg	elujuda-frizzfixer-out
Elujuda	out-bath-milk	エルジューダ フリッズフィクサー エマルジョン+	data/products/images/エルジューダ_フリッズフィクサー_エマルジョン_120ml.jpg	elujuda-frizzfixer-out-2
Elujuda	out-bath-milk	エルジューダ ブリーチケア ジェルセラム	data/products/images/エルジューダ_エクストラリペア_セラム_120ml.png	elujuda-bleachcare-gel
Elujuda	out-bath-milk	エルジューダ ブリーチケア セラム	data/products/images/エルジューダ_エクストラリペア_セラム_120ml.png	elujuda-bleachcare-out
Oggi otto	shampoo	スキャルプシャンプー	data/products/images/Oggi_ScalpSh_公式.png	oggiotto-scalp-sh
Oggi otto	shampoo	セラムCMCシャンプー	data/products/images/Oggi_Otto_Serum_CMC_Shampoo.png	oggiotto-serum-sh
Oggi otto	treatment	セラムCMCマスク	data/products/images/Oggi_Otto_Serum_CMC_Mask.png	oggiotto-serum-tr
Oggi otto	out-bath-oil	セラムCMCオイル	data/products/images/Oggi_CMCOil_公式.png	oggiotto-outbath-oil
Oggi otto	out-bath-milk	セラムCMCミスト	data/products/images/Oggi_CMCMist_公式.png	oggiotto-outbath-mist
Oggi otto	out-bath-milk	セラムCMCミルキィ	data/products/images/Oggi_CMCMilky_公式.png	oggiotto-outbath-out
Oggi otto	scalp-essence	スキャルプエッセンス	data/products/images/Oggi_Otto_Scalp_Essence.png	oggiotto-scalp-essence
Aujua	shampoo	アクアヴィア シャンプー	data/products/images/Aujua_アクアヴィア_シャンプー_250mL.png	aujua-aquavia-sh
Aujua	shampoo	イミュライズ シャンプー	data/products/images/Aujua_イミュライズ_シャンプー_250mL.png	aujua-immurise-sh
Aujua	shampoo	インメトリィ シャンプー	data/products/images/Aujua_インメトリィ_シャンプー_250mL.png	aujua-inmetry-sh
Aujua	scalp-cleanser	エイジングスパ クリアフォーム	data/products/images/Aujua_エイジングスパ_クリアフォーム_170g.png	aujua-agingspa-sh
Aujua	shampoo	エイジングスパ シャンプー	data/products/images/Aujua_エイジングスパ_シャンプー_250mL.png	aujua-agingspa-sh-2
Aujua	shampoo	クエンチ シャンプー	data/products/images/Aujua_クエンチ_シャンプー_250mL.png	aujua-quench-sh
Aujua	shampoo	スムース シャンプー	data/products/images/Aujua_スムース_シャンプー_250mL.png	aujua-smooth-sh
Aujua	shampoo	フィルメロウ シャンプー	data/products/images/Aujua_フィルメロウ_シャンプー_250mL.png	aujua-filmellow-sh
Aujua	shampoo	モイストカーム モイスチュアクリア シャンプー	data/products/images/Aujua_モイストカーム_モイスチュアクリアシャンプー_250mL.png	aujua-moistcalm-sh
Aujua	shampoo	リペアリティ シャンプー	data/products/images/Aujua_リペアリティ_シャンプー_250mL.png	aujua-repairity-sh
Aujua	treatment	アクアヴィア ヘアトリートメント	data/products/images/Aujua_アクアヴィア_ヘアトリートメント_250g.png	aujua-aquavia-tr
Aujua	treatment	イミュライズ ヘアトリートメント	data/products/images/Aujua_イミュライズ_ヘアトリートメント_250g.png	aujua-immurise-tr
Aujua	treatment	インメトリィ ヘアトリートメント	data/products/images/Aujua_インメトリィ_ヘアトリートメント_250g.png	aujua-inmetry-tr
Aujua	treatment	エイジングスパ リラクシング マスク	data/products/images/Aujua_エイジングスパ_リラクシングマスク_250g.png	aujua-agingspa-tr
Aujua	treatment	クエンチ ヘアトリートメント	data/products/images/Aujua_クエンチ_ヘアトリートメント_250g.png	aujua-quench-tr
Aujua	treatment	スムース ヘアトリートメント	data/products/images/Aujua_スムース_ヘアトリートメント_250g.png	aujua-smooth-tr
Aujua	treatment	フィルメロウ ヘアトリートメント	data/products/images/Aujua_フィルメロウ_ヘアトリートメント_250g.png	aujua-filmellow-tr
Aujua	treatment	モイストカーム モイスチュアマスク	data/products/images/Aujua_モイストカーム_モイスチュアマスク_250g.png	aujua-moistcalm-tr
Aujua	treatment	リペアリティ ヘアトリートメント	data/products/images/オージュア_リペアリティ_シアーフォーム_ヘアトリートメント_320g.jpg	aujua-repairity-tr
Aujua	hair-mask	アクアヴィア ヘアニュートリエント	data/products/images/Aujua_アクアヴィア_ヘアニュートリエント_150g.png	aujua-aquavia-mask
Aujua	hair-mask	イミュライズ ヘアニュートリエント	data/products/images/Aujua_イミュライズ_ヘアニュートリエント_150g.png	aujua-immurise-mask
Aujua	hair-mask	インメトリィ コントロール クリーム	data/products/images/Aujua_インメトリィ_コントロールクリーム_135g.png	aujua-inmetry-mask
Aujua	hair-mask	クエンチ ヘアニュートリエント	data/products/images/Aujua_クエンチ_ヘアニュートリエント_150g.png	aujua-quench-mask
Aujua	out-bath-milk	アクアヴィア モイストセラム	data/products/images/Aujua_アクアヴィア_モイストセラム_100mL.png	aujua-aquavia-out
Aujua	out-bath-milk	イミュライズ エクシードセラム	data/products/images/Aujua_イミュライズ_エクシードセラム_100mL.png	aujua-immurise-out
Aujua	out-bath-milk	インメトリィ フィクスコンセントレート ミルク	data/products/images/Aujua_インメトリィ_フィクスコンセントレートミルク_100g.png	aujua-inmetry-out
Aujua	out-bath-milk	スムース セラム	data/products/images/Aujua_スムース_セラム_100mL.png	aujua-smooth-out
Aujua	out-bath-milk	フィルメロウ ミルク	data/products/images/Aujua_フィルメロウ_ミルク_100g.png	aujua-filmellow-out
Aujua	scalp-essence	モイストカーム モイスチュアローション	data/products/images/Aujua_モイストカーム_モイスチュアローション_100mL.png	aujua-moistcalm-essence
Global Milbon	shampoo	アンチフリッズ シャンプー	data/products/images/Global_Milbon_AntiFrizz_Defrizzing_Shampoo.jpg	globalmilbon-antifrizz-sh
Global Milbon Premium Position	shampoo	ブロンドプラス シャンプー	data/products/images/GM_ブロンドプラス_ナリッシング_シャンプー_200ml.jpg	globalmilbon-blondeplus-sh
Global Milbon	shampoo	カラープリザーブ シャンプー	data/products/images/GM_カラープリザーブ_カラーリテイニング_シャンプー_200ml.jpg	globalmilbon-colorpreserve-sh
Global Milbon	shampoo	モイスチュア シャンプー	data/products/images/GM_エクステンティッド_カーボネイティッド_シャンプー_280g.jpg	globalmilbon-moisture-sh
Global Milbon	shampoo	リペア シャンプー	data/products/images/GM_リペア_ヒートプロテクティブ_シャンプー_200ml.jpg	globalmilbon-repair-sh
Global Milbon Premium Position	shampoo	リペアヒート シャンプー	data/products/images/GM_リペア_ヒートプロテクティブ_シャンプー_200ml.jpg	globalmilbon-repairheat-sh
Global Milbon	shampoo	スムース シャンプー	data/products/images/GM_スムース_スムージング_シャンプー_Ｃ_200ml.jpg	globalmilbon-smooth-sh
Global Milbon	treatment	アンチフリッズ トリートメント	data/products/images/Global_Milbon_AntiFrizz_Defrizzing_Treatment.jpg	globalmilbon-antifrizz-tr
Global Milbon Premium Position	treatment	ブロンドプラス トリートメント	data/products/images/GM_ブロンドプラス_ナリッシング_トリートメント_200g.jpg	globalmilbon-blondeplus-tr
Global Milbon	treatment	カラープリザーブ トリートメント	data/products/images/GM_カラープリザーブ_カラーリテイニング_トリートメント_200g.jpg	globalmilbon-colorpreserve-tr
Global Milbon	treatment	モイスチュア トリートメント	data/products/images/GM_カラープリザーブ_カラーリテイニング_トリートメント_200g.jpg	globalmilbon-moisture-tr
Global Milbon	treatment	リペア トリートメント	data/products/images/GM_リペア_ヒートプロテクティブ_トリートメント_200g.jpg	globalmilbon-repair-tr
Global Milbon Premium Position	treatment	リペアヒート トリートメント	data/products/images/GM_リペア_ヒートプロテクティブ_トリートメント_200g.jpg	globalmilbon-repairheat-tr
Global Milbon	treatment	スムース トリートメント	data/products/images/GM_スムース_スムージング_トリートメント_Ｃ_200g.jpg	globalmilbon-smooth-tr
Global Milbon	hair-mask	モイスチュア ヘアマスク	data/products/images/Global_Milbon_Moisture_Hair_Mask.png	globalmilbon-moisture-mask
Global Milbon	treatment	リペア リストラティブトリートメント	data/products/images/Global_Milbon_Repair_Restorative_Treatment.jpg	globalmilbon-repair-mask
Global Milbon	hair-mask	スムース ウィークリーブースター	data/products/images/GM_スムース_スムージング_シャンプー_Ｃ_200ml.jpg	globalmilbon-smooth-mask
Kérastase	shampoo	ブロンドアブソリュ バン	data/products/images/バン_ブロンドアブソリュ_250ml.jpg	kerastase-blondabsolu-sh
Kérastase	shampoo	クロマアブソリュ バン	data/products/images/クロマアブソリュ_バン_クロマプロテクト_250ml.jpg	kerastase-chromaabsolu-sh
Kérastase	shampoo	クロノロジスト バン	data/products/images/バン_クロノロジスト_R_250ml.jpg	kerastase-chronologiste-sh
Kérastase	shampoo	ディシプリン バン	data/products/images/ディシプリン_バン_オレオ_リラックス_250ml.jpg	kerastase-discipline-sh
Kérastase	shampoo	ジェネシス バン	data/products/images/ジェネシス_バン_イドラ_フォーティファイ_250ml.jpg	kerastase-genesis-sh
Kérastase	shampoo	ニュートリティブ バン	data/products/images/ニュートリティブ_バン_サテンリッシュ_250ml.jpg	kerastase-nutritive-sh
Kérastase	shampoo	レジスタンス バン	data/products/images/レジスタンス_バン_エクステンショニスト_250ml.jpg	kerastase-resistance-sh
Kérastase	treatment	クロマアブソリュ フォンダン	data/products/images/クロマアブソリュ_フォンダン_シカクロマ_200ml.jpg	kerastase-chromaabsolu-tr
Kérastase	treatment	ディシプリン フォンダン	data/products/images/ディシプリン_フォンダン_オレオ_リラックス_200ml.jpg	kerastase-discipline-tr
Kérastase	treatment	ジェネシス フォンダン	data/products/images/ジェネシス_フォンダン_リインフォーサー_200ml.jpg	kerastase-genesis-tr
Kérastase	treatment	レジスタンス フォンダン	data/products/images/レジスタンス_フォンダン_エクステンショニスト_200ml.jpg	kerastase-resistance-tr
Kérastase	hair-mask	ブロンドアブソリュ マスク	data/products/images/ブロンドアブソリュ_マスク_シカエクストリーム_200ml.jpg	kerastase-blondabsolu-mask
Kérastase	hair-mask	クロマアブソリュ マスク	data/products/images/クロマアブソリュ_マスク_クロマフィラー_200ml.jpg	kerastase-chromaabsolu-mask
Kérastase	hair-mask	クロノロジスト マスク	data/products/images/マスク_クロノロジスト_R_200ml.jpg	kerastase-chronologiste-mask
Kérastase	hair-mask	ディシプリン マスク	data/products/images/ディシプリン_マスク_オレオ_リラックス_200ml.jpg	kerastase-discipline-mask
Kérastase	hair-mask	ジェネシス マスク	data/products/images/ジェネシス_マスク_リコンスティチュアント_200ml.jpg	kerastase-genesis-mask
Kérastase	hair-mask	ニュートリティブ マスク	data/products/images/ニュートリティブ_マスク_アンタンス_リッシュ_200ml.jpg	kerastase-nutritive-mask
Kérastase	hair-mask	レジスタンス マスク	data/products/images/レジスタンス_マスク_エクステンショニスト_200ml.jpg	kerastase-resistance-mask
Kérastase	out-bath-oil	ブロンドアブソリュ ヘアオイル	data/products/images/ブロンドアブソリュ_ユイル_シカエクストリーム_100ml.png	kerastase-blondabsolu-oil
Kérastase	out-bath-oil	クロマアブソリュ ヘアオイル	data/products/images/クロマアブソリュ_ユイル_シカグロス_75ml.jpg	kerastase-chromaabsolu-oil
Kérastase	out-bath-oil	クロノロジスト ヘアオイル	data/products/images/ユイル_クロノロジスト_N_75ml.jpg	kerastase-chronologiste-oil
Kérastase	out-bath-oil	ディシプリン ヘアオイル	data/products/images/ディシプリン_フルイド_オレオ_リラックス_100ml.jpg	kerastase-discipline-oil
Kérastase	scalp-essence	ジェネシス セラム	data/products/images/ジェネシス_セラム_フォーティファイ_90ml.jpg	kerastase-genesis-essence
Kérastase	out-bath-oil	ネクター テルミック R	data/products/images/Kerastase_Nectar_Thermique_R.jpg	kerastase-nutritive-oil
SUBLIMIC	shampoo	アクアインテンシブ シャンプー	data/products/images/Aqua_Intensive_Shampoo.png	sublimic-aquaintensive-sh
SUBLIMIC	shampoo	アデノバイタル シャンプー	data/products/images/Adenovital_Shampoo.png	sublimic-adenovital-sh
SUBLIMIC	shampoo	エアリーフロー シャンプー	data/products/images/Airy_Flow_Shampoo.png	sublimic-airyflow-sh
SUBLIMIC	shampoo	フェンテフォルテ シャンプー	data/products/images/SUBLIMIC_Fuente_Forte_Shampoo_DS.jpg	sublimic-fuenteforte-sh
SUBLIMIC	shampoo	ルミノフォース シャンプー	data/products/images/Luminoforce_Shampoo.png	sublimic-luminoforce-sh
SUBLIMIC	treatment	アクアインテンシブ トリートメント	data/products/images/Aqua_Intensive_Treatment.png	sublimic-aquaintensive-tr
SUBLIMIC	treatment	エアリーフロー トリートメント	data/products/images/Airy_Flow_Treatment.png	sublimic-airyflow-tr
SUBLIMIC	treatment	フェンテフォルテ トリートメント	data/products/images/SUBLIMIC_Fuente_Forte_Treatment.jpg	sublimic-fuenteforte-tr
SUBLIMIC	treatment	ルミノフォース トリートメント	data/products/images/Luminoforce_Treatment.png	sublimic-luminoforce-tr
SUBLIMIC	hair-mask	アクアインテンシブ マスク	data/products/images/Aqua_Intensive_Mask.png	sublimic-aquaintensive-mask
SUBLIMIC	hair-mask	アデノバイタル ヘアマスク	data/products/images/Adenovital_Hair_Mask.png	sublimic-adenovital-mask
SUBLIMIC	hair-mask	エアリーフロー マスク	data/products/images/Airy_Flow_Mask.png	sublimic-airyflow-mask
SUBLIMIC	hair-mask	ルミノフォース マスク	data/products/images/Luminoforce_Mask.png	sublimic-luminoforce-mask
SUBLIMIC	out-bath-milk	ワンダーシールド	data/products/images/Wonder_Shield.png	sublimic-wondershield-out
SUBLIMIC	scalp-essence	アデノバイタル スカルプエッセンス	data/products/images/アデノバイタルエッセンス.jpg	sublimic-adenovital-essence
SUBLIMIC	scalp-essence	フェンテフォルテ 頭皮用美容液	data/products/images/サブリミック_フェンテフォルテ_スクラブクレンザー_250g.jpg	sublimic-fuenteforte-essence
キラメラメ	treatment	キラメラメ トリートメント	data/products/images/HAHONICO_Kiramerame_Treatment_Set.png	hahonico-ramerame-tr
BYKARTE	shampoo	リペアシャンプー CH+	data/products/images/バイカルテ_リペア_シャンプー_CH+_280ml.jpg	viequalite-ch-sh
BYKARTE	shampoo	リペアシャンプー FH+	data/products/images/バイカルテ_リペア_シャンプー_FH+_280ml.jpg	viequalite-fh-sh
BYKARTE	shampoo	リペアシャンプー UH+	data/products/images/バイカルテ_リペア_シャンプー_UH+_280ml.jpg	viequalite-uh-sh
BYKARTE	treatment	セラムトリートメント HS+	data/products/images/バイカルテ_セラムトリートメント_HS+_250g.png	viequalite-serum-tr
BYKARTE	treatment	セラムトリートメント MS+	data/products/images/バイカルテ_セラムトリートメント_MS+_250g.png	viequalite-serum-tr-2
BYKARTE	treatment	セラムトリートメント SS+	data/products/images/バイカルテ_セラムトリートメント_SS+_250g.png	viequalite-serum-tr-3
BYKARTE	hair-mask	コンセントレイト エッセンス	data/products/images/バイカルテ_コンセントレイトエッセンス_40g.jpg	viequalite-concentrate-mask
BYKARTE	hair-mask	セラムマスク	data/products/images/バイカルテ_セラムマスク_100g.jpg	viequalite-serummask-mask
BYKARTE	out-bath-oil	エッセンス オイル	data/products/images/バイカルテ_エッセンスオイル_95ml.png	viequalite-essence-oil
BYKARTE	out-bath-milk	エッセンス ミルク	data/products/images/バイカルテ_エッセンスミルク_95ml.png	viequalite-essence-out
REKERA	treatment	REKERA エマルジョン (インバス)	data/products/images/REKERA_エマルジョン_200ml.png	likera-emulsion-tr
REKERA	outbath-milk	REKERA エマルジョン (アウトバス)	data/products/images/REKERA_エマルジョン_200ml.png	likera-emulsion-out
つるりんちょ。	shampoo	つるりんちょ。シャンプー	data/products/images/つるりんちょ_シャンプー_400ml_公式.png	drama-tsurun-sh-sh
つるりんちょ。	shampoo	つるりんちょ。ブースター	data/products/images/つるりんちょ_ブースター_300ml_公式.png	drama-tsurun-booster-sh
つるりんちょ。	treatment	つるりんちょ。トリートメント	data/products/images/つるりんちょ_トリートメント_380g_公式.png	drama-tsurun-tr-tr
つるりんちょ。	treatment	つるりんちょ。トリートメント SARARITO	data/products/images/つるりんちょ_トリートメント_SARARITO_公式.png	drama-tsurun-sararito-tr
いるかのせなか。	outbath-oil	いるかのせなか。ヘアオイル	data/products/images/いるかのせなか_ヘアオイル_80ml_公式.png	drama-iruka-oil
いるかのせなか。	outbath-water	いるかのせなか。ミスト	data/products/images/いるかのせなか_ミスト_150ml_公式.png	drama-iruka-mist
System Professional	shampoo	アルタイム R シャンプー	data/products/images/アルタイム_リペア_シャンプー_250ml.png	wella-ultimerepair-sh
System Professional	hair-mask	アルタイム R インテンス マスク	data/products/images/アルタイム_リペア_インテンス_マスク_150ml.jpg	wella-ultimerepair-mask
System Professional	out-bath-milk	アルタイム RM ヘアトリートメント	data/products/images/アルタイム_リペア_ミラクルヘアトリートメント.png	wella-ultimerepair-treatment
System Professional	out-bath-milk	アルタイム RM ナイトトリートメント	data/products/images/アルタイム_リペア_ミラクルナイトトリートメント.png	wella-ultimerepair-nighttreatment
System Professional	out-bath-oil	アルタイム RM ヘアオイル	data/products/images/アルタイム_リペア_ミラクルヘアオイル.png	wella-ultimerepair-oil
System Professional	shampoo	アルタイム S シャンプー	data/products/images/アルタイム_スムース_シャンプー_250ml.jpg	wella-ultimesmooth-sh
System Professional	hair-mask	アルタイム S インテンス マスク	data/products/images/アルタイム_スムース_インテンス_マスク_150ml.jpg	wella-ultimesmooth-mask
System Professional	out-bath-milk	アルタイム S ミラクル ミルクスプレー	data/products/images/アルタイム_スムース_ミラクルミルクスプレー_100ml.jpg	wella-ultimesmooth-milkspray
System Professional	out-bath-milk	アルタイム S ミラクル バームトリートメント	data/products/images/アルタイム_スムース_ミラクルバームトリートメント_100ml.jpg	wella-ultimesmooth-balm
System Professional	out-bath-oil	アルタイム S ミラクル オイルセラム	data/products/images/アルタイム_スムース_ミラクルオイルセラム_100ml.jpg	wella-ultimesmooth-oilserum
Davines	shampoo	エッセンシャル モモ シャンプー	data/products/images/Davines_MOMO_シャンプー_250ml_公式.jpg	davines-momo-sh
Davines	treatment	エッセンシャル モモ コンディショナー	data/products/images/Davines_MOMO_コンディショナー_250ml_公式.jpg	davines-momo-co
Davines	shampoo	エッセンシャル メル シャンプー	data/products/images/Davines_MELU_シャンプー_250ml_公式.jpg	davines-melu-sh
Davines	treatment	エッセンシャル メル コンディショナー	data/products/images/Davines_MELU_コンディショナー_250ml_公式.jpg	davines-melu-co
Davines	shampoo	エッセンシャル ラブ シャンプー	data/products/images/Davines_LOVE_シャンプー_250ml_公式.jpg	davines-love-sh
Davines	treatment	エッセンシャル ラブ コンディショナー	data/products/images/Davines_LOVE_コンディショナー_250ml_公式.jpg	davines-love-co
Davines	shampoo	エッセンシャル ミヌ シャンプー	data/products/images/Davines_MINU_シャンプー_250ml_公式.jpg	davines-minu-sh
Davines	treatment	エッセンシャル ミヌ コンディショナー	data/products/images/Davines_MINU_コンディショナー_250ml_公式.jpg	davines-minu-co
Davines	shampoo	エッセンシャル ヴォル シャンプー	data/products/images/Davines_VOLU_シャンプー_250ml_公式.jpg	davines-volu-sh
Davines	treatment	エッセンシャル ヴォル コンディショナー	data/products/images/Davines_VOLU_コンディショナー_250ml_公式.jpg	davines-volu-co
Davines	shampoo	オイ シャンプー	data/products/images/Davines_OI_シャンプー_280ml_公式.jpg	davines-oi-sh
Davines	treatment	オイ コンディショナー	data/products/images/Davines_OI_コンディショナー_250ml_公式.jpg	davines-oi-co
Davines	out-bath-oil	オイ オイル	data/products/images/Davines_OI_オイル_135ml_公式.jpg	davines-oi-oil
Davines	shampoo	SU ヘア アンド ボディウォッシュ	data/products/images/Davines_SU_Hair_Body_Wash.png	davines-su-shower
Schwarzkopf	shampoo	ファイバープレックス ボンド シャンプー	data/products/images/ファイバープレックス_ボンドシャンプー_250ml.png	schwarzkopf-fibreplex-sh
Schwarzkopf	treatment	ファイバープレックス ボンド トリートメント	data/products/images/ファイバープレックス_ボンドトリートメント_250g.png	schwarzkopf-fibreplex-tr
Schwarzkopf	out-bath-oil	ファイバープレックス ボンドオイル	data/products/images/ファイバープレックス_ボンドオイル_150mL.png	schwarzkopf-fibreplex-bondoil
Schwarzkopf	out-bath-milk	ファイバープレックス ボンドミルク	data/products/images/ファイバープレックス_ボンドミルク_100g.png	schwarzkopf-fibreplex-bondmilk
Schwarzkopf	out-bath-milk	ファイバープレックス No.4 ボンド セラム	data/products/images/ファイバープレックス_No.4_ボンド_セラム_100g.png	schwarzkopf-fibreplex-no4serum
System Professional	shampoo	システム プロフェッショナル H1 ハイドレートシャンプー	data/products/images/SP_HYDRATE_Shampoo_公式.jpeg	syspro-hydrate-sh
System Professional	mask	システム プロフェッショナル H2 ハイドレートマスク	data/products/images/SP_HYDRATE_Mask_公式.jpeg	syspro-hydrate-mask
System Professional	shampoo	システム プロフェッショナル LO ラグジュアリーオイル ケラチンプロテクトシャンプー	data/products/images/SP_LUXE_Shampoo_公式.jpeg	syspro-luxeoil-sh
System Professional	treatment	システム プロフェッショナル LO ラグジュアリーオイル ケラチンコンディショニングクリーム	data/products/images/SP_LUXE_Cream_公式.jpeg	syspro-luxeoil-tr
System Professional	mask	システム プロフェッショナル LO ラグジュアリーオイル ケラチンリストアマスク	data/products/images/SP_LUXE_RestoreMask_公式.jpeg	syspro-luxeoil-mask
System Professional	outbath-oil	システム プロフェッショナル LO ラグジュアリーオイル リコンストラクティブエリクサー	data/products/images/SP_LUXE_Oil_公式.jpeg	syspro-luxeoil-elixir
System Professional	shampoo	システム プロフェッショナル C1 カラーセーブシャンプー	data/products/images/SP_COLOR_SAVE_Shampoo_公式.jpeg	syspro-colorsave-sh
System Professional	mask	システム プロフェッショナル C2 カラーセーブマスク	data/products/images/SP_COLOR_SAVE_Mask_公式.jpeg	syspro-colorsave-mask
System Professional	shampoo	システム プロフェッショナル V1 ボリュマイズシャンプー	data/products/images/SP_VOLUMIZE_Shampoo_公式.jpeg	syspro-volumize-sh
System Professional	mask	システム プロフェッショナル B3 ブロンドリバイブマスク	data/products/images/システム_リュクス_ケラチン_プロテクト_インテンス_マスク_200ml.png	syspro-blond-mask
System Professional	shampoo	システム プロフェッショナル R1 リペアシャンプー	data/products/images/SP_REPAIR_Shampoo_公式.jpeg	syspro-repair-sh
System Professional	treatment	システム プロフェッショナル R2 リペアコンディショナー	data/products/images/SP_REPAIR_Conditioner_公式.jpeg	syspro-repair-co
System Professional	mask	システム プロフェッショナル R3 リペアマスク	data/products/images/SP_REPAIR_Mask_公式.jpeg	syspro-repair-mask
System Professional	outbath-mousse	システム プロフェッショナル パーフェクトヘア	data/products/images/SP_REPAIR_PerfectHair_公式.jpeg	syspro-repair-perfecthair
System Professional	treatment	システム プロフェッショナル H3 ハイドレートコンディショナー	data/products/images/SP_HYDRATE_Conditioner_公式.jpeg	syspro-hydrate-co
System Professional	outbath-water	システム プロフェッショナル H クエンチング ミスト	data/products/images/SP_HYDRATE_QuenchingMist_公式.jpeg	syspro-hydrate-mist
System Professional	outbath-mist	システム プロフェッショナル LO ケラチンブーストエッセンス	data/products/images/SP_LUXE_BoostEssence_公式.jpeg	syspro-luxeoil-boost
System Professional	treatment	システム プロフェッショナル C3 カラーセーブコンディショナー	data/products/images/SP_COLOR_SAVE_Conditioner_公式.jpeg	syspro-colorsave-co
System Professional	outbath-water	システム プロフェッショナル C バイフェーズ コンディショニング スプレー	data/products/images/SP_COLOR_SAVE_BiPhase_公式.jpeg	syspro-colorsave-bispray
System Professional	outbath-oil	システム プロフェッショナル C カラーセーブフルイド	data/products/images/SP_COLOR_SAVE_Fluid_公式.jpeg	syspro-colorsave-fluid
System Professional	shampoo	システム プロフェッショナル S1 スムーセンシャンプー	data/products/images/SP_SMOOTHEN_Shampoo_公式.jpeg	syspro-smoothen-sh
System Professional	treatment	システム プロフェッショナル S2 スムーセンコンディショナー	data/products/images/SP_SMOOTHEN_Conditioner_公式.jpeg	syspro-smoothen-co
System Professional	mask	システム プロフェッショナル S3 スムーセンマスク	data/products/images/SP_SMOOTHEN_Mask_公式.jpeg	syspro-smoothen-mask
System Professional	mask	システム プロフェッショナル V2 ボリュマイズマスク	data/products/images/SP_VOLUMIZE_Mask_公式.jpeg	syspro-volumize-mask
System Professional	outbath-mousse	システム プロフェッショナル V エアロリフター	data/products/images/SP_VOLUMIZE_Aerolifter_公式.jpeg	syspro-volumize-aerolifter
System Professional	shampoo	システム プロフェッショナル B1 バランスシャンプー	data/products/images/SP_BALANCE_Shampoo_公式.jpeg	syspro-balance-sh
System Professional	mask	システム プロフェッショナル B2 バランスマスク	data/products/images/SP_BALANCE_Mask_公式.jpeg	syspro-balance-mask
System Professional	scalp-essence	システム プロフェッショナル B エナジーセラム	data/products/images/SP_BALANCE_EnergySerum_公式.jpeg	syspro-balance-energyserum
System Professional	scalp-essence	システム プロフェッショナル B バランスローション	data/products/images/SP_BALANCE_Lotion_公式.jpeg	syspro-balance-lotion
System Professional	shampoo	システム プロフェッショナル ソラ― シャンプー	data/products/images/SP_SOLAR_Shampoo_公式.jpeg	syspro-solar-sh
System Professional	treatment	システム プロフェッショナル ソラ― ハイドロリペア クリーム	data/products/images/SP_SOLAR_HydroRepairCream_公式.jpeg	syspro-solar-hydrocream
System Professional	outbath-oil	システム プロフェッショナル ソラ― サン オイル	data/products/images/SP_SOLAR_SunOil_公式.jpeg	syspro-solar-sunoil
System Professional	outbath-cream	システム プロフェッショナル ソラ― シーリング クリーム	data/products/images/SP_SOLAR_Cream_公式.jpeg	syspro-solar-sealing
System Professional	shampoo	システム プロフェッショナル マン トリプル シャンプー	data/products/images/SP_MAN_TripleShampoo_公式.jpeg	syspro-man-triplesh
System Professional	outbath-oil	システム プロフェッショナル マン ヘア&ビアード オイル	data/products/images/SP_MAN_HairBeardOil_公式.jpeg	syspro-man-beardoil
System Professional	booster	システム プロフェッショナル エクストラ リピッドブースター	data/products/images/SP_EXTRA_LipidBooster_公式.jpeg	syspro-extra-lipidbooster
System Professional	scalp-essence	システム プロフェッショナル エクストラ アルファエナジー	data/products/images/SP_EXTRA_AlphaEnergy_公式.jpeg	syspro-extra-alphaenergy
System Professional	booster	システム プロフェッショナル エクストラ エラスティック フォース	data/products/images/SP_EXTRA_ElasticForce_公式.jpeg	syspro-extra-elasticforce
SEE/SAW	outbath-milk	SEE/SAW クリアミルク ナチュラル	data/products/images/SEE_SAW_クリアミルクナチュラル_80ml.jpg	seesaw-hairmake-milk
Davines	shampoo	エッセンシャル ヌヌ シャンプー	data/products/images/Davines_Nunu_Shampoo.png	davines-nounou-sh
Davines	treatment	エッセンシャル ヌヌ コンディショナー	data/products/images/Davines_NOUNOU_コンディショナー_250ml_公式.jpg	davines-nounou-co
Davines	shampoo	エッセンシャル デデ シャンプー	data/products/images/Davines_DEDE_シャンプー_250ml_公式.jpg	davines-dede-sh
Davines	treatment	エッセンシャル デデ コンディショナー	data/products/images/Davines_DEDE_コンディショナー_250ml_公式.jpg	davines-dede-co
Davines	shampoo	エッセンシャル ソル シャンプー	data/products/images/Davines_SOLU_シャンプー_250ml_公式.jpg	davines-solu-sh
Davines	outbath-milk	オイ オールインワン ミルク	data/products/images/Davines_OI_オールインワンミルク_135ml_公式.jpg	davines-oi-allinonemilk
Davines	outbath-butter	オイ ハイ ロングラスティング ヘアバター	data/products/images/Davines_OI_ヘアバター_250ml_公式.jpg	davines-oi-hairbutter
Davines	outbath-mousse	オイ ボリュマイジング スフレ	data/products/images/Davines_OI_スフレ_125ml_公式.jpg	davines-oi-souffle
Davines	outbath-oil	オーセンティック オイル	data/products/images/Davines_Authentic_Nourishing_Oil.jpg	davines-authentic-oil
Davines	outbath-cream	オーセンティック ネクター	data/products/images/Davines_オーセンティック_リプレニッシングバター_230ml_公式.jpg	davines-authentic-nectar
Davines	shampoo	ナチュラルテック ノーリッシング シャンプー	data/products/images/Davines_Naturaltech_NOURISHING_SH_公式.jpg	davines-naturaltech-nourishing-sh
Davines	shampoo	ナチュラルテック リバランシング シャンプー	data/products/images/Davines_Naturaltech_REBALANCING_SH_公式.jpg	davines-naturaltech-rebalancing-sh
Davines	shampoo	ナチュラルテック カーミング シャンプー	data/products/images/Davines_Naturaltech_CALMING_SH_公式.jpg	davines-naturaltech-calming-sh
Davines	shampoo	ナチュラルテック ピュリファイング シャンプー	data/products/images/Davines_Naturaltech_PURIFYING_SH_公式.jpg	davines-naturaltech-purifying-sh
Davines	shampoo	ナチュラルテック エナジャイジング シャンプー	data/products/images/Davines_Naturaltech_ENERGIZING_SH_公式.jpg	davines-naturaltech-energizing-sh
Davines	scalp-essence	ナチュラルテック エナジャイジング スーパーアクティブ	data/products/images/Davines_Naturaltech_Energizing_Super_Active.png	davines-naturaltech-energizing-lotion
Davines	shampoo	ハートオブグラス シルケニング シャンプー	data/products/images/Davines_Heart_of_Glass_Silkening_Shampoo.png	davines-heartofglass-sh
Davines	outbath-oil	ハートオブグラス シーリング シャインドロップス	data/products/images/Davines_Heart_of_Glass_Sealing_Shine_Drops.png	davines-heartofglass-sealingdrops
Davines	styling	モアインサイド ディファイニング フルイド (フィオナ)	data/products/images/Davines_More_Inside_Defining_Fluid_Fiona.png	davines-moreinside-fiona
Oggi otto	shampoo	インプレッシブPPTセラム SS [スムース]	data/products/images/Oggi_PPT_SS_公式.png	oggiotto-ppt-ss
Oggi otto	shampoo	インプレッシブPPTセラム MS [モイスチャー]	data/products/images/Oggi_PPT_MS_公式.png	oggiotto-ppt-ms
Oggi otto	shampoo	インプレッシブPPTセラム VS [ボリューム]	data/products/images/Oggi_PPT_VS_公式.png	oggiotto-ppt-vs
Oggi otto	mask	インプレッシブPPTセラムマスク SM [スムース]	data/products/images/Oggi_PPT_MaskSM_公式.png	oggiotto-ppt-mask-sm
Oggi otto	mask	インプレッシブPPTセラムマスク MM [モイスチャー]	data/products/images/Oggi_PPT_MaskMM_公式.png	oggiotto-ppt-mask-mm
Oggi otto	treatment	アイスミント エッセンス	data/products/images/Oggi_IceMint_公式.png	oggiotto-icemint
Oggi otto	scalp-essence	アロマスキャルプエッセンス [カルム]	data/products/images/Oggi_AromaScalp_Calm_公式.png	oggiotto-aroma-calm
Oggi otto	scalp-essence	アロマスキャルプエッセンス [ヴィータ]	data/products/images/Oggi_AromaScalp_Vita_公式.png	oggiotto-aroma-vita
Oggi otto	shampoo	インプレッシブ セラム ブラック	data/products/images/Oggi_DrS_BlackSerum_公式.png	oggiotto-drs-black-sh
Oggi otto	mask	インプレッシブ セラムマスク ブラック	data/products/images/Oggi_DrS_BlackMask_公式.png	oggiotto-drs-black-mask
Oggi otto	scalp-essence	スキャルプケアジェル	data/products/images/Oggi_DrS_ScalpGel_公式.png	oggiotto-drs-scalpgel
Oggi otto	scalp-essence	スキャルプエイド セラムマスク	data/products/images/Oggi_DrS_ScalpAid_公式.png	oggiotto-drs-scalpaid
Oggi otto	scalp-essence	アロマスキャルプエッセンス SOIL CRASCI	data/products/images/Oggi_DrS_SOIL_公式.png	oggiotto-drs-soilcrasci
Oggi otto	shampoo	OGGI MUTA グランドセラム	data/products/images/OGGI_MUTA_グランドセラム_公式.jpg	oggiotto-muta-sh
Oggi otto	mask	OGGI MUTA グランドセラムマスク スムース	data/products/images/OGGI_MUTA_グランドセラムマスク_スムース_公式.jpg	oggiotto-muta-mask-smooth
Oggi otto	mask	OGGI MUTA グランドセラムマスク モイスチャー	data/products/images/OGGI_MUTA_グランドセラムマスク_モイスチャー_公式.jpg	oggiotto-muta-mask-moisture
Oggi otto	outbath-water	OGGI MUTA グランドミスト	data/products/images/OGGI_MUTA_Grand_Mist.png	oggiotto-muta-mist
Oggi otto	outbath-milk	OGGI MUTA グランドエマルジョン	data/products/images/OGGI_MUTA_Grand_Emulsion.png	oggiotto-muta-emulsion
Oggi otto	outbath-oil	OGGI MUTA グランドオイル	data/products/images/OGGI_MUTA_Grand_Oil.png	oggiotto-muta-oil
Oggi otto	outbath-mousse	エアウィップ	data/products/images/Oggi_AirWhip_公式.png	oggiotto-airwhip
Oggi otto	outbath-butter	ボタニカル リッチ バーム	data/products/images/Oggi_BotanicalBalm_公式.png	oggiotto-botanicalbalm
Oggi otto	outbath-oil	ボタニカル リッチ オイルスプレー	data/products/images/Oggi_BotanicalOilSpray_公式.png	oggiotto-botanicaloilspray
Oggi otto	outbath-oil	アメージングケア オイル	data/products/images/Oggi_AmazingCareOil_公式.png	oggiotto-amazingoil
レブリ	shampoo	ハホニコ レブリ シャンプーα	data/products/images/Levuli_Shampoo_Alpha.png	hahonico-levuli-sh
レブリ	treatment	ハホニコ レブリ トリートメントα	data/products/images/Levuli_Treatment_Alpha.png	hahonico-levuli-tr
レブリ	treatment	ハホニコ レブリ インナー ヘアトリートメント	data/products/images/Levuli_Inner_Hair_Treatment.png	hahonico-levuli-inner
レブリ	treatment	ハホニコ レブリ アウター ヘアトリートメント	data/products/images/Levuli_Outer_Hair_Treatment.png	hahonico-levuli-outer
レブリ	outbath-water	ハホニコ レブリ ヘアーローションα	data/products/images/Levuli_Hair_Lotion_Alpha.png	hahonico-levuli-lotion
レブリ	booster	ハホニコ レブリ ベルベット ブースターA	data/products/images/Velvet_Booster_A.png	hahonico-levuli-velvet
レブリ	booster	ハホニコ レブリ シルキー ブースターB	data/products/images/Silky_Booster_B.png	hahonico-levuli-silky
SUWAE	shampoo	suwae リラクシング シャンプー	data/products/images/スワエ_リラクシング_シャンプー_200ml.jpg	milbon-suwae-sh
SUWAE	treatment	suwae リラクシング トリートメント	data/products/images/スワエ_リラクシング_トリートメント_200g.jpg	milbon-suwae-tr
SUWAE	treatment	suwae リラクシング トリートメント+	data/products/images/スワエ_リラクシング_トリートメント_200g.jpg	milbon-suwae-tr-plus
CARENESS	shampoo	ジュエル シャンプー ルビー	data/products/images/ケアネス_ジュエル_シャンプー_〔ルビー〕400ml.jpg	careness-jewel-ruby-sh
CARENESS	treatment	ジュエル トリートメント ルビー	data/products/images/ケアネス_ジュエル_トリートメント_〔ルビー〕400g.jpg	careness-jewel-ruby-tr
CARENESS	outbath-milk	ジュエル ストレートミルク ルビー	data/products/images/ケアネス_ジュエル_ストレートミルク〔ルビー〕130ml.jpg	careness-jewel-ruby-milk
CARENESS	shampoo	ジュエル シャンプー サファイア	data/products/images/ケアネス_ジュエル_シャンプー〔サファイア〕400ml.jpg	careness-jewel-sapphire-sh
CARENESS	treatment	ジュエル トリートメント サファイア	data/products/images/ケアネス_ジュエル_トリートメント_〔サファイア〕400g.jpg	careness-jewel-sapphire-tr
CARENESS	outbath-milk	ジュエル ストレートミルク サファイア	data/products/images/ケアネス_ジュエル_ストレートミルク〔サファイア〕130ml.jpg	careness-jewel-sapphire-milk
CARENESS	booster	ジュエル ブーストミスト	data/products/images/ケアネス_ジュエル_ブーストミスト_125ml.jpg	careness-jewel-boostmist
いるかのせなか。	outbath-milk	いるかのせなか。CMCミルク	data/products/images/いるかのせなか_CMCミルク_140g_公式.png	drama-iruka-cmcmilk
いるかのせなか。	outbath-mousse	いるかのせなか。フォーム	data/products/images/いるかのせなか_フォーム_200ml_公式.png	drama-iruka-foam
REKERA	outbath-water	REKERA ミスト	data/products/images/REKERA_ミスト_200ml.png	likera-mist
REKERA	outbath-oil	REKERA オイル	data/products/images/REKERA_オイル_100ml.png	likera-oil
LOA	outbath-water	LOA THE PERFUME UV SPRAY	data/products/images/ロア_ザ_パフューム_UVスプレー〔ネロリスモークティー〕.jpg	loa-uvspray
Aujua	shampoo	アルティール シャンプー	data/products/images/オージュア_アルティール_シャンプー_250ml.jpg	aujua-ultia-sh
Aujua	treatment	アルティール ヘアトリートメント	data/products/images/オージュア_アルティール_ヘアトリートメント_250g.jpg	aujua-ultia-tr
Aujua	outbath-water	アルティール アドバンスドエッセンス	data/products/images/オージュア_アルティール_アドバンスドエッセンス_100ml.jpg	aujua-ultia-essence
Aujua	shampoo	プレセディア シャンプー	data/products/images/オージュア_プレセディア_シャンプー_250ml.jpg	aujua-precedia-sh
Aujua	scalp-essence	プレセディア スカルプマスク	data/products/images/オージュア_プレセディア_スカルプマスク_250g.jpg	aujua-precedia-scalpmask
Aujua	scalp-essence	プレセディア インテンシブパーフェクター	data/products/images/オージュア_プレセディア_インテンシブ_パーフェクター_100ml.jpg	aujua-precedia-perfector
Aujua	shampoo	ミラジェリィ シャンプー	data/products/images/オージュア_ミラジェリィ_シャンプー_250ml.jpg	aujua-mirajelly-sh
Aujua	treatment	ミラジェリィ ヘアトリートメント	data/products/images/オージュア_ミラジェリィ_ヘアトリートメント_250g.jpg	aujua-mirajelly-tr
Aujua	outbath-water	ミラジェリィ エッセンス	data/products/images/オージュア_ミラジェリィ_エッセンス_100ml.jpg	aujua-mirajelly-essence
nino	shampoo	nino プレミアム シャンプー	data/products/images/nino_シャンプー_300ml.png	nino-shampoo
nino	treatment	nino プレミアム トリートメント	data/products/images/nino_トリートメント_290g.png	nino-treatment
nino	shampoo	nino クールシャンプー	data/products/images/ニーノ_クールシャンプー_200ml.png	nino-coolshampoo
nino	outbath-oil	nino ヘアオイル	data/products/images/nino_ヘアオイル_100ml.png	nino-hairoil
nino	outbath-oil	nino プレミアム グロッシーオイル	data/products/images/ニーノ_プレミアム_グロッシーオイル_100ml.png	nino-glossyoil
nino	outbath-butter	nino メルトバーム	data/products/images/ニーノ_メルトバーム_48g.png	nino-meltbalm
Amazia	shampoo	アメイジア インピタリ ルビー シャンプー	data/products/images/アメイジア_インピタリ_ルビー_シャンプー_400ml.jpg	amazia-ruby-sh
Amazia	treatment	アメイジア インピタリ ルビー トリートメント	data/products/images/アメイジア_インピタリ_ルビー_トリートメント_400g.jpg	amazia-ruby-tr
Amazia	outbath-oil	アメイジア インピタリ オイルトリートメント ルビー	data/products/images/アメイジア_インピタリ_オイルトリートメント_ルビー_100ml.jpg	amazia-ruby-oil
Amazia	shampoo	アメイジア インピタリ エメラルド シャンプー	data/products/images/アメイジア_インピタリ_エメラルド_シャンプー_400ml.jpg	amazia-emerald-sh
Amazia	treatment	アメイジア インピタリ エメラルド トリートメント	data/products/images/アメイジア_インピタリ_エメラルド_トリートメント_400g.jpg	amazia-emerald-tr
Amazia	outbath-oil	アメイジア インピタリ オイルトリートメント エメラルド	data/products/images/アメイジア_インピタリ_オイルトリートメント_エメラルド_100ml.jpg	amazia-emerald-oil
Moroccanoil	outbath-oil	モロッカンオイル トリートメント	data/products/images/モロッカンオイル_トリートメント_25ml〔パープル〕.jpg	moroccanoil-treatment-100
Moroccanoil	outbath-oil	モロッカンオイル トリートメント (パープル)	data/products/images/モロッカンオイル_トリートメント_50ml_〔パープル〕.jpg	moroccanoil-treatment-purple
O by Tori	outbath-oil	オーバイトーリ チュールパフ オイル	data/products/images/オーバイトーリ_チュールパフ_オイル_70ml.jpg	obytori-tulle-oil
O by Tori	outbath-oil	オーバイトーリ カシミアテクスチュア オイル	data/products/images/オーバイトーリ_カシミアテクスチュア_オイル_70ml.jpg	obytori-cashmere-oil
O by Tori	outbath-water	オーバイトーリ サテングリッター ドロップ	data/products/images/オーバイトーリ_サテングリッター_ドロップ_180ml.jpg	obytori-satin-drop
O by Tori	outbath-butter	オーバイトーリ ヴェロアメルト バーム	data/products/images/オーバイトーリ_ヴェロアメルト_バーム_40ml.jpg	obytori-velour-balm
Color Motion+	shampoo	カラーモーション+ シャンプー	data/products/images/カラーモーション＋_シャンプー_250ml.jpg	colormotion-sh
Color Motion+	treatment	カラーモーション+ デイリートリートメント	data/products/images/カラーモーション＋_デイリートリートメント200ml.jpg	colormotion-tr
Color Motion+	shampoo	カラーモーション+ アメジスト シャンプー	data/products/images/カラーモーション＋_アメジストシャンプー.png	colormotion-amethyst-sh
Color Motion+	treatment	カラーモーション+ アメジスト コンディショナー	data/products/images/カラーモーション＋_アメジストコンディショナー.png	colormotion-amethyst-co
Color Motion+	outbath-water	カラーモーション+ ルミナススプレー	data/products/images/カラーモーション＋_ルミナススプレー.png	colormotion-luminous-spray
Aujua	shampoo	エクイアル シャンプー	data/products/images/Aujua_エクイアル_シャンプー_250mL.png	aujua-equiale-sh
Aujua	treatment	エクイアル ヘアトリートメント	data/products/images/Aujua_エクイアル_ヘアトリートメント_250g.png	aujua-equiale-tr
Aujua	shampoo	タイムサージ シャンプー	data/products/images/Aujua_タイムサージ_シャンプー_250mL.png	aujua-timesurge-sh
Aujua	treatment	タイムサージ ヘアトリートメント	data/products/images/Aujua_タイムサージ_ヘアトリートメント_250g.png	aujua-timesurge-tr
Aujua	scalp-essence	タイムサージ エッセンス	data/products/images/Aujua_タイムサージ_エッセンス_100mL.png	aujua-timesurge-essence
